table_type,num_workers,time,period_rate,overall_rate,total_rows
regular,1,10,180982.62,180982.62,1810000
regular,1,20,204999.51,192990.50,3860000
regular,1,30,347005.93,244326.71,7330000
regular,1,40,331018.03,265998.22,10640000
regular,1,50,340974.85,280994.35,14050000
regular,1,60.0,338028.77,290499.25,17430000
regular,1,70.0,341993.81,297855.72,20850000
regular,1,80.0,332980.69,302246.54,24180000
regular,1,90.0,344013.60,306887.12,27620000
regular,1,100.0,349017.46,311099.94,31110000
regular,1,110.0,344986.18,314180.62,34560000
regular,1,120.0,340989.90,316414.78,37970000
regular,1,130.0,341003.93,318306.22,41380000
regular,1,140.0,335997.55,319569.89,44740000
regular,1,150.0,339994.83,320931.56,48140000
regular,1,160.0,341006.01,322186.19,51550000
regular,1,170.0,335989.16,322998.15,54910000
regular,1,180.0,336007.03,323720.85,58270000
regular,1,190.0,343008.89,324735.98,61700000
regular,1,200.0,334004.39,325199.39,65040000
regular,1,210.0,330991.32,325475.21,68350000
regular,1,220.0,343016.53,326272.50,71780000
regular,1,230.0,342982.99,326999.08,75210000
regular,1,240.0,342995.76,327665.61,78640000
regular,1,250.0,230993.40,323798.63,80950000
regular,1,260.0,13000.02,311844.90,81080000
regular,1,270.0,11000.19,300702.73,81190000
regular,1,280.0,29001.99,290999.81,81480000
regular,1,290.0,298989.82,291275.33,84470000
regular,1,300.0,335007.22,292733.03,87820000
regular,1,310.0,319005.23,293580.51,91010000
regular,1,320.0,320982.80,294436.87,94220000
regular,1,330.0,337019.76,295727.19,97590000
regular,1,340.0,332969.94,296822.66,100920000
regular,1,350.0,340005.98,298056.44,104320000
regular,1,360.0,346020.29,299388.69,107780000
regular,1,370.0,336004.41,300378.29,111140000
regular,1,380.0,338971.07,301393.98,114530000
regular,1,390.0,259017.43,300307.47,117120000
regular,1,400.0,272986.54,299624.42,119850000
regular,1,410.0,196009.78,297097.36,121810000
regular,1,420.0,294981.07,297046.97,124760000
regular,1,430.0,182000.78,294371.49,126580000
regular,1,440.0,309000.63,294703.97,129670000
regular,1,450.0,335992.74,295621.52,133030000
regular,1,460.0,342021.91,296630.15,136450000
regular,1,470.0,334006.23,297425.37,139790000
regular,1,480.0,343995.52,298395.60,143230000
regular,1,490.0,304993.18,298530.24,146280000
regular,1,500.0,298991.73,298539.47,149270000
regular,1,510.0,60005.11,293862.73,149870000
regular,1,520.0,233996.43,292711.44,152210000
regular,1,530.0,265996.64,292207.38,154870000
regular,1,540.0,276997.45,291925.71,157640000
regular,1,550.0,127000.49,288927.08,158910000
regular,1,560.0,19000.22,284107.02,159100000
regular,1,570.0,8999.73,279280.43,159190000
regular,1,580.0,50000.44,275327.37,159690000
regular,1,590.0,331983.23,276287.68,163010000
regular,1,600.0,328030.05,277149.98,166290000
regular,1,610.0,315991.59,277786.74,169450000
regular,1,620.0,252993.03,277386.83,171980000
regular,1,630.0,115003.41,274809.40,173130000
regular,1,640.0,265978.95,274671.41,175790000
regular,1,650.0,307005.07,275168.84,178860000
regular,1,660.0,306004.09,275636.03,181920000
regular,1,670.0,287000.66,275805.66,184790000
regular,1,680.0,234015.25,275191.13,187130000
regular,1,690.0,168992.41,273651.95,188820000
regular,1,700.0,16000.16,269971.25,188980000
regular,1,710.0,7999.13,266281.11,189060000
regular,1,720.0,79007.22,263680.32,189850000
regular,1,730.0,246011.45,263438.29,192310000
regular,1,740.0,232983.69,263026.72,194640000
regular,1,750.0,179997.14,261919.64,196440000
regular,1,760.0,115002.13,259986.55,197590000
regular,1,770.0,35002.53,257064.89,197940000
regular,1,780.0,12000.08,253923.06,198060000
regular,1,790.0,5999.75,250784.66,198120000
regular,1,800.0,186002.66,249974.90,199980000
regular,1,810.0,240983.61,249863.89,202390000
regular,1,820.0,102005.59,248060.84,203410000
regular,1,830.0,11999.09,245216.51,203530000
regular,1,840.0,8000.93,242392.84,203610000
regular,1,850.0,237991.32,242341.06,205990000
regular,1,860.0,259993.73,242546.33,208590000
regular,1,870.0,104003.82,240953.94,209630000
regular,1,880.0,9999.89,238329.44,209730000
regular,1,890.0,9000.31,235752.80,209820000
regular,1,900.0,137992.20,234666.51,211200000
regular,1,910.0,250006.22,234835.07,213700000
regular,1,920.0,130995.49,233706.34,215010000
regular,1,930.0,15000.22,231354.70,215160000
regular,1,940.0,7999.77,228978.52,215240000
regular,1,950.0,210996.96,228789.23,217350000
regular,1,960.0,245006.22,228958.16,219800000
regular,1,970.0,224000.58,228907.05,222040000
regular,1,980.0,119997.90,227795.71,223240000
regular,1,990.0,43000.69,225929.13,223670000
regular,1,1000.0,11000.73,223779.98,223780000
regular,1,1010.0,278984.55,224326.59,226570000
regular,1,1020.0,335988.87,225421.36,229930000
regular,1,1030.0,332000.47,226456.10,233250000
regular,1,1040.0,330995.72,227461.30,236560000
regular,1,1050.0,335032.82,228485.69,239910000
regular,1,1060.0,338965.36,229528.06,243300000
regular,1,1070.0,338029.02,230542.00,246680000
regular,1,1080.0,341001.18,231564.77,250090000
regular,1,1090.0,326978.82,232440.18,253360000
regular,1,1100.0,314016.59,233181.75,256500000
regular,1,1110.0,342981.79,234170.99,259930000
regular,1,1120.0,339021.50,235107.09,263320000
regular,1,1130.0,339993.87,236035.31,266720000
regular,1,1130.331171122,236061.507297,236061.507297,266827680
regular,2,10,215999.62,215999.62,2160000
regular,2,20,149987.90,182992.46,3660000
regular,2,30,288993.14,218325.61,6550000
regular,2,40,617059.35,317999.21,12720000
regular,2,50,614978.16,377396.57,18870000
regular,2,60.0,624998.70,418663.35,25120000
regular,2,70.0,618015.73,447141.44,31300000
regular,2,80.0,612968.47,467870.70,37430000
regular,2,90.0,367015.52,456665.08,41100000
regular,2,100.0,214987.49,432496.13,43250000
regular,2,110.0,11000.84,394181.36,43360000
regular,2,120.0,9999.60,362165.08,43460000
regular,2,130.0,440999.60,368229.26,47870000
regular,2,140.0,624032.38,386499.96,54110000
regular,2,150.0,607966.56,401265.16,60190000
regular,2,160.0,618994.35,414873.30,66380000
regular,2,170.0,471001.07,418174.91,71090000
regular,2,180.0,141007.16,402777.50,72500000
regular,2,190.0,14999.62,382367.66,72650000
regular,2,200.0,8000.29,363649.97,72730000
regular,2,210.0,374998.39,364190.37,76480000
regular,2,220.0,614946.86,375589.33,82630000
regular,2,230.0,627057.23,386521.72,88900000
regular,2,240.0,163998.31,377249.82,90540000
regular,2,250.0,11999.63,362639.38,90660000
regular,2,260.0,9000.18,349038.16,90750000
regular,2,270.0,147998.91,341592.22,92230000
regular,2,280.0,262979.24,338784.40,94860000
regular,2,290.0,245009.95,335550.94,97310000
regular,2,300.0,187007.37,330599.69,99180000
regular,2,310.0,3997.75,320058.40,99220000
regular,2,320.0,405209.56,322717.99,103270000
regular,2,330.0,418995.84,325635.53,107460000
regular,2,340.0,231017.02,322852.83,109770000
regular,2,350.0,252001.72,320828.53,112290000
regular,2,360.0,112997.43,315055.32,113420000
regular,2,370.0,8999.85,306783.42,113510000
regular,2,380.0,565983.35,313604.66,119170000
regular,2,390.0,616018.38,321358.62,125330000
regular,2,400.0,492998.02,325649.61,130260000
regular,2,410.0,78997.10,319633.49,131050000
regular,2,420.0,18000.69,312452.04,131230000
regular,2,430.0,7999.39,305371.23,131310000
regular,2,440.0,413044.86,307818.09,135440000
regular,2,450.0,621967.49,314799.54,141660000
regular,2,460.0,627030.44,321586.84,147930000
regular,2,470.0,614998.25,327829.65,154080000
regular,2,480.0,608992.92,333687.28,160170000
regular,2,490.0,357972.55,334182.94,163750000
regular,2,500.0,247026.04,332439.98,166220000
regular,2,510.0,88992.34,327666.10,167110000
regular,2,520.0,4000.15,321441.99,167150000
regular,2,530.0,312998.46,321282.68,170280000
regular,2,540.0,616014.40,326740.54,176440000
regular,2,550.0,623013.61,332127.21,182670000
regular,2,560.0,244996.16,330571.27,185120000
regular,2,570.0,11999.70,324982.16,185240000
regular,2,580.0,573980.00,329275.37,190980000
regular,2,590.0,640995.87,334558.80,197390000
regular,2,600.0,666039.68,340083.15,204050000
regular,2,610.0,404001.12,341130.98,208090000
regular,2,620.0,137001.15,337838.59,209460000
regular,2,630.0,13999.51,332698.11,209600000
regular,2,640.0,10000.48,327656.21,209700000
regular,2,650.0,509993.54,330461.43,214800000
regular,2,660.0,663977.44,335514.87,221440000
regular,2,670.0,549020.65,338701.40,226930000
regular,2,680.0,325985.36,338514.40,230190000
regular,2,690.0,475006.55,340492.51,234940000
regular,2,700.0,412996.71,341528.30,239070000
regular,2,710.0,55997.46,337506.56,239630000
regular,2,720.0,294015.78,336902.55,242570000
regular,2,730.0,295993.11,336342.14,245530000
regular,2,740.0,9999.90,331932.07,245630000
regular,2,750.0,241018.73,330719.98,248040000
regular,2,760.0,661969.50,335078.73,254660000
regular,2,770.0,646013.06,339116.75,261120000
regular,2,780.0,120001.77,336307.63,262320000
regular,2,790.0,15999.90,332253.07,262480000
regular,2,800.0,9999.94,328224.89,262580000
regular,2,810.0,241001.39,327148.06,264990000
regular,2,820.0,65996.12,323963.10,265650000
regular,2,830.0,14000.35,320228.70,265790000
regular,2,840.0,9999.56,316535.34,265890000
regular,2,845.6282507129999,315537.802545,315537.802545,266827680
regular,4,10,302986.91,302986.91,3030000
regular,4,20,170006.73,236499.57,4730000
regular,4,30,422990.56,298664.09,8960000
regular,4,40,1068989.17,491245.57,19650000
regular,4,50,1127927.41,618587.58,30930000
regular,4,60.0,1118042.08,701825.99,42110000
regular,4,70.0,1075063.00,755142.41,52860000
regular,4,80.0,1059945.82,793244.52,63460000
regular,4,90.0,1109982.76,828437.93,74560000
regular,4,100.0,209994.16,766592.44,76660000
regular,4,110.0,182017.00,713454.21,78480000
regular,4,120.0,19998.10,655661.19,78680000
regular,4,130.0,248012.84,624305.37,81160000
regular,4,140.0,487975.50,614567.10,86040000
regular,4,150.0,320025.27,594932.55,89240000
regular,4,160.0,252977.49,573558.60,91770000
regular,4,170.0,9000.64,540351.74,91860000
regular,4,180.0,898022.93,560221.84,100840000
regular,4,190.0,1119944.80,589682.30,112040000
regular,4,200.0,871968.81,603797.06,120760000
regular,4,210.0,122010.17,580856.76,121980000
regular,4,220.0,24993.08,555583.57,122230000
regular,4,230.0,12002.82,531955.23,122350000
regular,4,240.0,751964.65,541122.68,129870000
regular,4,250.0,1107101.05,563759.74,140940000
regular,4,260.0,985996.82,579999.67,150800000
regular,4,270.0,615998.46,581332.96,156960000
regular,4,280.0,287994.02,570856.37,159840000
regular,4,290.0,473001.10,567482.06,164570000
regular,4,300.0,223005.74,555999.82,166800000
regular,4,310.0,27999.84,538967.47,167080000
regular,4,320.0,7999.69,522374.10,167160000
regular,4,330.0,708037.77,527999.98,174240000
regular,4,340.0,422996.40,524911.61,178470000
regular,4,350.0,143989.15,514027.32,179910000
regular,4,360.0,21001.10,500332.88,180120000
regular,4,370.0,102999.51,489594.10,181150000
regular,4,380.0,848020.70,499026.14,189630000
regular,4,390.0,291003.09,493692.27,192540000
regular,4,400.0,41000.03,482374.98,192950000
regular,4,410.0,16998.95,471023.66,193120000
regular,4,420.0,611001.28,474356.45,199230000
regular,4,430.0,345994.57,471371.25,202690000
regular,4,440.0,198013.30,465158.99,204670000
regular,4,450.0,18998.50,455243.54,204860000
regular,4,460.0,133006.64,448238.75,206190000
regular,4,470.0,1135950.11,462871.52,217550000
regular,4,480.0,998073.18,474020.74,227530000
regular,4,490.0,302998.76,470530.48,230560000
regular,4,500.0,197998.26,465079.79,232540000
regular,4,510.0,603007.66,467784.22,238570000
regular,4,520.0,11996.52,459016.58,238690000
regular,4,530.0,12002.55,450584.16,238810000
regular,4,540.0,16001.10,442536.88,238970000
regular,4,550.0,773012.78,448545.44,246700000
regular,4,560.0,80991.71,441981.32,247510000
regular,4,570.0,21000.95,434596.04,247720000
regular,4,580.0,11995.41,427307.09,247840000
regular,4,590.0,804338.84,433694.76,255880000
regular,4,600.0,942979.86,442183.02,265310000
regular,4,601.642932528,443498.403412,443498.403412,266827680
regular,8,10,201980.43,201980.43,2020000
regular,8,20,814065.60,507995.86,10160000
regular,8,30,1848994.99,954993.95,28650000
regular,8,40,1783960.08,1162237.98,46490000
regular,8,50,1893059.07,1308397.34,65420000
regular,8,60.0,1745962.76,1381326.08,82880000
regular,8,70.0,638981.20,1275274.61,89270000
regular,8,80.0,31994.71,1119843.31,89590000
regular,8,90.0,31998.01,998967.96,89910000
regular,8,100.0,157028.69,914790.31,91480000
regular,8,110.0,48000.43,835992.64,91960000
regular,8,120.0,40000.58,769661.38,92360000
regular,8,130.0,39993.23,713524.65,92760000
regular,8,140.0,1225286.89,750070.49,105010000
regular,8,150.0,1099950.39,773396.77,116010000
regular,8,160.0,347018.79,746749.61,119480000
regular,8,170.0,703940.48,744231.23,126520000
regular,8,180.0,32998.93,704717.31,126850000
regular,8,190.0,31995.97,669306.93,127170000
regular,8,200.0,23004.77,636998.59,127400000
regular,8,210.0,1578946.40,681854.60,143190000
regular,8,220.0,1870950.85,735905.60,161900000
regular,8,230.0,838080.82,740347.57,170280000
regular,8,240.0,119994.95,714498.51,171480000
regular,8,250.0,15999.21,686557.26,171640000
regular,8,260.0,108005.60,664306.47,172720000
regular,8,270.0,571017.83,660851.44,178430000
regular,8,280.0,371978.59,650533.99,182150000
regular,8,290.0,77996.97,630790.65,182930000
regular,8,300.0,192004.63,616164.84,184850000
regular,8,310.0,1017078.41,629096.53,195020000
regular,8,320.0,182982.74,615154.21,196850000
regular,8,330.0,31996.14,597480.74,197170000
regular,8,340.0,11002.04,580234.59,197280000
regular,8,350.0,1130000.08,595942.15,208580000
regular,8,360.0,24999.42,580082.29,208830000
regular,8,370.0,23000.85,565026.60,209060000
regular,8,380.0,8998.17,550391.40,209150000
regular,8,390.0,1463197.77,573793.47,223780000
regular,8,400.0,581022.25,573974.18,229590000
regular,8,410.0,39998.32,560949.86,229990000
regular,8,420.0,16000.50,547975.30,230150000
regular,8,430.0,153002.00,538790.01,231680000
regular,8,440.0,40001.61,527454.37,232080000
regular,8,450.0,24999.51,516288.50,232330000
regular,8,460.0,30998.22,505738.12,232640000
regular,8,470.0,825031.59,512531.33,240890000
regular,8,480.0,343003.05,508999.53,244320000
regular,8,490.0,30992.09,499241.85,244630000
regular,8,500.0,17003.89,489599.31,244800000
regular,8,510.0,628004.05,492313.11,251080000
regular,8,520.0,689979.38,496114.49,257980000
regular,8,530.0,591999.67,497923.64,263900000
regular,8,540.0,227010.79,492906.98,266170000
regular,8,543.978124516,490511.783424,490511.783424,266827680
regular,16,10,2491944.81,2491944.81,24920000
regular,16,20,403981.35,1447950.54,28960000
regular,16,30,347022.01,1080998.24,32430000
regular,16,40,103999.36,836747.69,33470000
regular,16,50,611978.42,791792.67,39590000
regular,16,60.0,115002.33,678997.06,40740000
regular,16,70.0,33000.75,586714.00,41070000
regular,16,80.0,31995.32,517365.32,41390000
regular,16,90.0,737076.14,541774.99,48760000
regular,16,100.0,389014.09,526499.47,52650000
regular,16,110.0,253982.83,501723.73,55190000
regular,16,120.0,66962.04,465475.00,55860000
regular,16,130.0,585369.76,474691.84,61710000
regular,16,140.0,370997.80,467285.09,65420000
regular,16,150.0,205002.59,449799.82,67470000
regular,16,160.0,700947.23,465497.63,74480000
regular,16,170.0,2877155.90,607351.97,103250000
regular,16,180.0,2818912.55,730219.86,131440000
regular,16,190.0,1263882.70,758309.76,144080000
regular,16,200.0,64009.46,723599.88,144720000
regular,16,210.0,1027964.71,738093.91,155000000
regular,16,220.0,47997.13,706724.14,155480000
regular,16,230.0,30988.24,677333.78,155790000
regular,16,240.0,17002.16,649823.86,155960000
regular,16,250.0,2449833.00,721799.72,180450000
regular,16,260.0,2412016.71,786807.61,204570000
regular,16,270.0,1072990.63,797407.07,215300000
regular,16,280.0,883990.86,800499.37,224140000
regular,16,290.0,238983.71,781135.51,226530000
regular,16,300.0,48994.23,756728.09,227020000
regular,16,310.0,31989.90,733342.45,227340000
regular,16,320.0,310136.25,720123.10,230440000
regular,16,330.0,62004.03,700181.41,231060000
regular,16,340.0,294002.29,688235.06,234000000
regular,16,350.0,63993.76,670397.91,234640000
regular,16,360.0,219023.11,657861.05,236830000
regular,16,370.0,159960.86,644401.08,238430000
regular,16,380.0,377087.43,637368.15,242200000
regular,16,390.0,384970.74,630895.94,246050000
regular,16,400.0,403994.85,625223.36,250090000
regular,16,410.0,49003.53,611170.24,250580000
regular,16,420.0,15987.51,596988.42,250740000
regular,16,430.0,318248.24,590511.15,253920000
regular,16,440.0,195004.16,581522.55,255870000
regular,16,450.0,31990.23,569307.08,256190000
regular,16,460.0,32005.81,557628.77,256510000
regular,16,470.0,698019.10,560615.71,263490000
regular,16,478.312045823,557852.728841,557852.728841,266827680
regular,32,10,377981.69,377981.69,3780000
regular,32,20,2292092.27,1334994.55,26700000
regular,32,30,3250922.37,1973645.58,59210000
regular,32,40,2075869.55,1999202.57,79970000
regular,32,50,383035.64,1675999.38,83800000
regular,32,60.0,63959.41,1407184.05,84440000
regular,32,70.0,62038.96,1215141.37,85060000
regular,32,80.0,959906.48,1183234.33,94660000
regular,32,90.0,87006.93,1061441.34,95530000
regular,32,100.0,31986.80,958457.92,95850000
regular,32,110.0,27001.95,873789.05,96120000
regular,32,120.0,2949070.53,1046666.34,125600000
regular,32,130.0,2544960.82,1161921.36,151050000
regular,32,140.0,1214973.17,1165710.85,163200000
regular,32,150.0,435016.08,1116999.68,167550000
regular,32,160.0,579966.63,1083433.31,173350000
regular,32,170.0,60984.89,1023275.48,173960000
regular,32,180.0,28998.76,968036.61,174250000
regular,32,190.0,342114.30,935104.37,177670000
regular,32,200.0,56994.97,891195.26,178240000
regular,32,210.0,58004.93,851522.94,178820000
regular,32,220.0,2999.88,812952.22,178850000
regular,32,230.0,1055033.63,823477.15,189400000
regular,32,240.0,261951.53,800076.13,192020000
regular,32,250.0,31983.07,769337.06,192340000
regular,32,260.0,28011.07,740836.18,192620000
regular,32,270.0,278085.90,723702.60,195400000
regular,32,280.0,176001.68,704142.06,197160000
regular,32,290.0,55997.66,681791.38,197720000
regular,32,300.0,35989.42,660258.58,198080000
regular,32,310.0,27005.17,639835.07,198350000
regular,32,320.0,289023.51,628873.14,201240000
regular,32,330.0,60994.78,611663.32,201850000
regular,32,340.0,31989.04,594608.50,202170000
regular,32,350.0,507254.75,592113.93,207240000
regular,32,360.0,385964.04,586387.03,211100000
regular,32,370.0,533013.48,584944.54,216430000
regular,32,380.0,321967.44,578023.43,219650000
regular,32,390.0,62994.78,564816.56,220280000
regular,32,400.0,28003.06,551397.75,220560000
regular,32,410.0,704101.51,555121.69,227600000
regular,32,420.0,410982.44,551689.66,231710000
regular,32,430.0,34976.07,539665.05,232060000
regular,32,440.0,28010.49,528040.99,232340000
regular,32,450.0,3131146.29,585866.59,263640000
regular,32,451.352016001,591174.228852,591174.228852,266827680
hyper,1,10,210992.62,210992.62,2110000
hyper,1,20,163997.23,187495.14,3750000
hyper,1,30,93995.44,156328.11,4690000
hyper,1,40,96008.73,141249.67,5650000
hyper,1,50,95999.40,132199.59,6610000
hyper,1,60.0,115993.77,129498.50,7770000
hyper,1,70.0,115006.20,127428.29,8920000
hyper,1,80.0,132992.03,128123.79,10250000
hyper,1,90.0,197003.61,135776.92,12220000
hyper,1,100.0,199004.64,142099.52,14210000
hyper,1,110.0,149991.09,142816.97,15710000
hyper,1,120.0,118009.75,140749.88,16890000
hyper,1,130.0,107997.39,138230.40,17970000
hyper,1,140.0,121003.32,136999.93,19180000
hyper,1,150.0,120990.78,135932.58,20390000
hyper,1,160.0,148007.51,136687.22,21870000
hyper,1,170.0,157995.71,137940.69,23450000
hyper,1,180.0,207997.91,141832.78,25530000
hyper,1,190.0,111007.15,140210.49,26640000
hyper,1,200.0,41996.99,135299.48,27060000
hyper,1,210.0,56998.20,131570.75,27630000
hyper,1,220.0,8999.99,125999.37,27720000
hyper,1,230.0,54003.45,122869.32,28260000
hyper,1,240.0,64997.38,120457.90,28910000
hyper,1,250.0,66999.30,118319.54,29580000
hyper,1,260.0,18001.65,114461.51,29760000
hyper,1,270.0,63998.98,112592.50,30400000
hyper,1,280.0,186994.44,115249.79,32270000
hyper,1,290.0,135997.02,115965.22,33630000
hyper,1,300.0,107002.79,115666.49,34700000
hyper,1,310.0,92001.65,114903.12,35620000
hyper,1,320.0,93997.78,114249.81,36560000
hyper,1,330.0,102996.33,113908.79,37590000
hyper,1,340.0,115002.42,113940.95,38740000
hyper,1,350.0,183011.04,115914.26,40570000
hyper,1,360.0,194981.79,118110.78,42520000
hyper,1,370.0,178011.92,119729.62,44300000
hyper,1,380.0,115997.86,119631.42,45460000
hyper,1,390.0,109001.22,119358.85,46550000
hyper,1,400.0,123001.83,119449.92,47780000
hyper,1,410.0,104993.98,119097.32,48830000
hyper,1,420.0,139009.97,119571.40,50220000
hyper,1,430.0,99000.05,119092.99,51210000
hyper,1,440.0,54994.95,117636.09,51760000
hyper,1,450.0,55000.49,116244.20,52310000
hyper,1,460.0,45003.54,114695.61,52760000
hyper,1,470.0,32997.37,112957.22,53090000
hyper,1,480.0,49002.61,111624.90,53580000
hyper,1,490.0,76995.99,110918.16,54350000
hyper,1,500.0,52003.62,109739.95,54870000
hyper,1,510.0,10999.31,107803.74,54980000
hyper,1,520.0,14000.45,105999.89,55120000
hyper,1,530.0,43000.50,104811.24,55550000
hyper,1,540.0,205001.35,106666.60,57600000
hyper,1,550.0,93993.50,106436.16,58540000
hyper,1,560.0,136001.60,106964.11,59900000
hyper,1,570.0,145005.02,107631.47,61350000
hyper,1,580.0,152004.15,108396.49,62870000
hyper,1,590.0,130996.00,108779.55,64180000
hyper,1,600.0,141007.92,109316.66,65590000
hyper,1,610.0,208996.39,110950.78,67680000
hyper,1,620.0,209989.22,112548.25,69780000
hyper,1,630.0,117004.55,112618.98,70950000
hyper,1,640.0,106997.02,112531.14,72020000
hyper,1,650.0,118006.75,112615.37,73200000
hyper,1,660.0,114996.52,112651.45,74350000
hyper,1,670.0,100001.82,112462.66,75350000
hyper,1,680.0,113997.36,112485.23,76490000
hyper,1,690.0,165990.96,113260.71,78150000
hyper,1,700.0,208008.83,114614.20,80230000
hyper,1,710.0,173995.87,115450.58,81970000
hyper,1,720.0,127007.36,115611.08,83240000
hyper,1,730.0,83997.42,115178.00,84080000
hyper,1,740.0,34998.48,114094.45,84430000
hyper,1,750.0,12999.63,112746.48,84560000
hyper,1,760.0,25002.33,111592.06,84810000
hyper,1,770.0,103996.75,111493.42,85850000
hyper,1,780.0,162001.77,112140.96,87470000
hyper,1,790.0,159990.39,112746.68,89070000
hyper,1,800.0,125003.70,112899.89,90320000
hyper,1,810.0,92004.93,112641.94,91240000
hyper,1,820.0,34999.80,111695.08,91590000
hyper,1,830.0,25998.06,110662.51,91850000
hyper,1,840.0,20001.81,109583.31,92050000
hyper,1,850.0,75992.76,109188.09,92810000
hyper,1,860.0,163005.02,109813.85,94440000
hyper,1,870.0,194010.40,110781.58,96380000
hyper,1,880.0,200990.70,111806.73,98390000
hyper,1,890.0,95001.16,111617.90,99340000
hyper,1,900.0,106996.66,111566.55,100410000
hyper,1,910.0,84000.67,111263.63,101250000
hyper,1,920.0,79004.67,110913.01,102040000
hyper,1,930.0,91996.07,110709.60,102960000
hyper,1,940.0,110002.92,110702.08,104060000
hyper,1,950.0,193995.77,111578.87,106000000
hyper,1,960.0,207004.79,112572.87,108070000
hyper,1,970.0,153002.10,112989.66,109600000
hyper,1,980.0,112996.56,112989.73,110730000
hyper,1,990.0,142001.00,113282.77,112150000
hyper,1,1000.0,111996.04,113269.90,113270000
hyper,1,1010.0,106000.80,113197.93,114330000
hyper,1,1020.0,135003.38,113411.71,115680000
hyper,1,1030.0,145004.90,113718.43,117130000
hyper,1,1040.0,186983.45,114422.96,119000000
hyper,1,1050.0,191008.31,115152.31,120910000
hyper,1,1060.0,142003.77,115405.62,122330000
hyper,1,1070.0,116996.43,115420.49,123500000
hyper,1,1080.0,31000.93,114638.85,123810000
hyper,1,1090.0,50001.37,114045.86,124310000
hyper,1,1100.0,40996.32,113381.72,124720000
hyper,1,1110.0,22999.84,112567.46,124950000
hyper,1,1120.0,55003.46,112053.53,125500000
hyper,1,1130.0,69001.56,111672.55,126190000
hyper,1,1140.0,80995.49,111403.43,127000000
hyper,1,1150.0,16999.40,110582.50,127170000
hyper,1,1160.0,13000.38,109741.30,127300000
hyper,1,1170.0,64999.61,109358.89,127950000
hyper,1,1180.0,103004.48,109305.04,128980000
hyper,1,1190.0,151992.28,109663.78,130500000
hyper,1,1200.0,151009.15,110008.30,132010000
hyper,1,1210.0,195996.70,110718.96,133970000
hyper,1,1220.0,203995.82,111483.54,136010000
hyper,1,1230.0,90000.41,111308.88,136910000
hyper,1,1240.0,86004.79,111104.83,137770000
hyper,1,1250.0,81999.74,110871.99,138590000
hyper,1,1260.0,81993.81,110642.78,139410000
hyper,1,1270.0,104997.88,110598.33,140460000
hyper,1,1280.0,93000.85,110460.85,141390000
hyper,1,1290.0,193001.91,111100.70,143320000
hyper,1,1300.0,200013.50,111784.59,145320000
hyper,1,1310.0,138996.93,111992.33,146710000
hyper,1,1320.0,93003.67,111848.48,147640000
hyper,1,1330.0,84991.65,111646.53,148490000
hyper,1,1340.0,110001.80,111634.25,149590000
hyper,1,1350.0,86999.86,111451.78,150460000
hyper,1,1360.0,100001.74,111367.59,151460000
hyper,1,1370.0,189007.30,111934.28,153350000
hyper,1,1380.0,208002.65,112630.42,155430000
hyper,1,1390.0,168000.44,113028.76,157110000
hyper,1,1400.0,123990.80,113107.07,158350000
hyper,1,1410.0,135006.00,113262.37,159700000
hyper,1,1420.0,66997.08,112936.55,160370000
hyper,1,1430.0,49001.47,112489.46,160860000
hyper,1,1440.0,83002.03,112284.69,161690000
hyper,1,1450.0,10999.54,111586.15,161800000
hyper,1,1460.0,68004.20,111287.66,162480000
hyper,1,1470.0,119998.68,111346.92,163680000
hyper,1,1480.0,83993.46,111162.08,164520000
hyper,1,1490.0,58000.85,110805.30,165100000
hyper,1,1500.0,19000.30,110193.28,165290000
hyper,1,1510.0,73002.32,109946.99,166020000
hyper,1,1520.0,75997.40,109723.63,166780000
hyper,1,1530.0,25001.48,109169.92,167030000
hyper,1,1540.0,24999.28,108623.34,167280000
hyper,1,1550.0,46998.12,108225.74,167750000
hyper,1,1560.0,68999.46,107974.29,168440000
hyper,1,1570.0,64005.74,107694.26,169080000
hyper,1,1580.0,78994.63,107512.61,169870000
hyper,1,1590.0,111996.89,107540.81,170990000
hyper,1,1600.0,122011.89,107631.25,172210000
hyper,1,1610.0,120992.01,107714.24,173420000
hyper,1,1620.0,185012.22,108191.35,175270000
hyper,1,1630.0,193987.49,108717.75,177210000
hyper,1,1640.0,178006.11,109140.22,178990000
hyper,1,1650.0,122993.20,109224.18,180220000
hyper,1,1660.0,95002.74,109138.51,181170000
hyper,1,1670.0,105005.71,109113.77,182220000
hyper,1,1680.0,79992.37,108940.41,183020000
hyper,1,1690.0,93003.05,108846.11,183950000
hyper,1,1700.0,141994.27,109041.11,185370000
hyper,1,1710.0,205016.42,109602.32,187420000
hyper,1,1720.0,203004.86,110145.35,189450000
hyper,1,1730.0,94992.48,110057.75,190400000
hyper,1,1740.0,87006.63,109925.28,191270000
hyper,1,1750.0,87998.93,109799.99,192150000
hyper,1,1760.0,85000.25,109659.08,193000000
hyper,1,1770.0,95993.65,109581.87,193960000
hyper,1,1780.0,90998.39,109477.47,194870000
hyper,1,1790.0,117006.55,109519.52,196040000
hyper,1,1800.0,85995.63,109388.83,196900000
hyper,1,1810.0,43001.75,109022.07,197330000
hyper,1,1820.0,51002.21,108703.29,197840000
hyper,1,1830.0,65996.45,108469.91,198500000
hyper,1,1840.0,59002.70,108201.07,199090000
hyper,1,1850.0,71997.53,108005.37,199810000
hyper,1,1860.0,46997.95,107677.36,200280000
hyper,1,1870.0,44999.51,107342.18,200730000
hyper,1,1880.0,110007.67,107356.36,201830000
hyper,1,1890.0,57999.90,107095.21,202410000
hyper,1,1900.0,70998.20,106905.23,203120000
hyper,1,1910.0,8999.77,106392.62,203210000
hyper,1,1920.0,38002.98,106036.45,203590000
hyper,1,1930.0,39000.14,105689.11,203980000
hyper,1,1940.0,93994.42,105628.83,204920000
hyper,1,1950.0,160009.49,105907.69,206520000
hyper,1,1960.0,209000.96,106433.67,208610000
hyper,1,1970.0,192991.24,106873.07,210540000
hyper,1,1980.0,119004.35,106934.34,211730000
hyper,1,1990.0,113991.22,106969.80,212870000
hyper,1,2000.0,98001.51,106924.96,213850000
hyper,1,2010.0,153004.74,107154.20,215380000
hyper,1,2020.0,145005.61,107341.58,216830000
hyper,1,2030.0,138995.80,107497.52,218220000
hyper,1,2040.0,209984.38,107999.94,220320000
hyper,1,2050.0,206004.82,108478.00,222380000
hyper,1,2060.0,129000.69,108577.63,223670000
hyper,1,2070.0,117003.63,108618.33,224840000
hyper,1,2080.0,108995.75,108620.14,225930000
hyper,1,2090.0,119998.71,108674.59,227130000
hyper,1,2100.0,139007.27,108819.02,228520000
hyper,1,2110.0,90998.54,108734.56,229430000
hyper,1,2120.0,185996.67,109099.01,231290000
hyper,1,2130.0,209015.04,109568.07,233380000
hyper,1,2140.0,132988.32,109677.52,234710000
hyper,1,2150.0,59002.97,109441.84,235300000
hyper,1,2160.0,63001.01,109226.84,235930000
hyper,1,2170.0,9999.68,108769.55,236030000
hyper,1,2180.0,41002.43,108458.71,236440000
hyper,1,2190.0,27997.07,108091.27,236720000
hyper,1,2200.0,64002.73,107890.88,237360000
hyper,1,2210.0,71001.64,107723.96,238070000
hyper,1,2220.0,50996.75,107468.42,238580000
hyper,1,2230.0,82007.71,107354.25,239400000
hyper,1,2240.0,33997.87,107026.75,239740000
hyper,1,2250.0,55001.03,106795.53,240290000
hyper,1,2260.0,33000.37,106469.00,240620000
hyper,1,2270.0,66997.34,106295.11,241290000
hyper,1,2280.0,109999.84,106311.36,242390000
hyper,1,2290.0,149009.57,106497.81,243880000
hyper,1,2300.0,209984.59,106947.78,245980000
hyper,1,2310.0,195017.06,107329.00,247930000
hyper,1,2320.0,140996.91,107474.12,249340000
hyper,1,2330.0,136996.77,107600.83,250710000
hyper,1,2340.0,111998.56,107619.63,251830000
hyper,1,2350.0,101003.01,107591.47,252840000
hyper,1,2360.0,153989.60,107788.09,254380000
hyper,1,2370.0,156012.96,107991.55,255940000
hyper,1,2380.0,176994.72,108281.49,257710000
hyper,1,2390.0,202992.66,108677.78,259740000
hyper,1,2400.0,198999.75,109054.13,261730000
hyper,1,2410.0,131003.83,109145.20,263040000
hyper,1,2420.0,93004.29,109078.51,263970000
hyper,1,2430.0,113992.86,109098.73,265110000
hyper,1,2440.0,93999.69,109036.85,266050000
hyper,1,2446.050182516,109085.120946,109085.120946,266827680
hyper,2,10,327980.60,327980.60,3280000
hyper,2,20,294991.80,311486.46,6230000
hyper,2,30,290020.67,304331.74,9130000
hyper,2,40,305991.31,304746.64,12190000
hyper,2,50,280985.22,299994.20,15000000
hyper,2,60.0,121011.27,270166.51,16210000
hyper,2,70.0,120998.55,248856.59,17420000
hyper,2,80.0,53994.03,224496.46,17960000
hyper,2,90.0,13001.14,200999.13,18090000
hyper,2,100.0,43999.51,185299.07,18530000
hyper,2,110.0,94999.21,177089.97,19480000
hyper,2,120.0,124997.10,172748.83,20730000
hyper,2,130.0,92004.14,166537.99,21650000
hyper,2,140.0,11000.21,155428.38,21760000
hyper,2,150.0,101989.41,151865.44,22780000
hyper,2,160.0,124009.97,150124.62,24020000
hyper,2,170.0,127004.06,148764.63,25290000
hyper,2,180.0,7999.89,140944.27,25370000
hyper,2,190.0,161003.10,141999.98,26980000
hyper,2,200.0,353996.14,152599.89,30520000
hyper,2,210.0,350975.09,162046.96,34030000
hyper,2,220.0,350024.19,170590.79,37530000
hyper,2,230.0,332989.19,177651.80,40860000
hyper,2,240.0,327014.86,183874.98,44130000
hyper,2,250.0,347991.13,190439.78,47610000
hyper,2,260.0,352990.78,196691.90,51140000
hyper,2,270.0,344004.26,202147.83,54580000
hyper,2,280.0,203989.46,202213.61,56620000
hyper,2,290.0,104008.29,198827.49,57660000
hyper,2,300.0,47996.47,193799.43,58140000
hyper,2,310.0,12000.33,187935.12,58260000
hyper,2,320.0,122000.71,185874.69,59480000
hyper,2,330.0,86002.81,182848.37,60340000
hyper,2,340.0,13995.01,177880.37,60480000
hyper,2,350.0,14003.70,173199.44,60620000
hyper,2,360.0,11001.03,168694.35,60730000
hyper,2,370.0,54996.61,165621.26,61280000
hyper,2,380.0,96998.99,163815.39,62250000
hyper,2,390.0,16001.04,160025.53,62410000
hyper,2,400.0,11999.94,156324.87,62530000
hyper,2,410.0,206996.96,157560.80,64600000
hyper,2,420.0,334003.49,161761.76,67940000
hyper,2,430.0,332000.26,165720.79,71260000
hyper,2,440.0,333010.68,169522.71,74590000
hyper,2,450.0,329992.79,173088.79,77890000
hyper,2,460.0,335998.76,176630.32,81250000
hyper,2,470.0,336993.53,180042.37,84620000
hyper,2,480.0,334995.64,183270.60,87970000
hyper,2,490.0,190008.12,183408.09,89870000
hyper,2,500.0,18999.87,180119.91,90060000
hyper,2,510.0,22000.34,177019.57,90280000
hyper,2,520.0,15999.58,173922.95,90440000
hyper,2,530.0,119997.06,172905.46,91640000
hyper,2,540.0,115996.48,171851.56,92800000
hyper,2,550.0,96000.27,170472.45,93760000
hyper,2,560.0,26002.05,167892.83,94020000
hyper,2,570.0,170995.83,167947.27,95730000
hyper,2,580.0,181998.56,168189.53,97550000
hyper,2,590.0,183997.73,168457.47,99390000
hyper,2,600.0,55997.03,166583.03,99950000
hyper,2,610.0,58002.98,164803.13,100530000
hyper,2,620.0,313004.66,167193.44,103660000
hyper,2,630.0,311005.58,169476.13,106770000
hyper,2,640.0,313001.91,171718.70,109900000
hyper,2,650.0,312999.02,173892.25,113030000
hyper,2,660.0,318975.85,176090.65,116220000
hyper,2,670.0,311997.78,178119.13,119340000
hyper,2,680.0,314020.24,180117.54,122480000
hyper,2,690.0,302990.02,181898.36,125510000
hyper,2,700.0,320013.43,183871.35,128710000
hyper,2,710.0,306002.65,185591.49,131770000
hyper,2,720.0,72999.20,184027.69,132500000
hyper,2,730.0,27998.42,181890.19,132780000
hyper,2,740.0,11999.06,179594.19,132900000
hyper,2,750.0,171024.86,179479.95,134610000
hyper,2,760.0,285996.44,180881.50,137470000
hyper,2,770.0,286004.98,182246.71,140330000
hyper,2,780.0,278000.58,183474.32,143110000
hyper,2,790.0,272002.49,184594.92,145830000
hyper,2,800.0,289976.36,185912.30,148730000
hyper,2,810.0,211011.88,186222.15,150840000
hyper,2,820.0,83000.66,184963.36,151670000
hyper,2,830.0,99995.53,183939.61,152670000
hyper,2,840.0,16999.72,181952.20,152840000
hyper,2,850.0,73002.19,180670.47,153570000
hyper,2,860.0,46002.25,179104.64,154030000
hyper,2,870.0,40999.29,177517.20,154440000
hyper,2,880.0,18999.01,175715.76,154630000
hyper,2,890.0,191994.76,175898.67,156550000
hyper,2,900.0,109006.65,175155.48,157640000
hyper,2,910.0,148998.62,174868.04,159130000
hyper,2,920.0,131994.46,174402.00,160450000
hyper,2,930.0,150999.03,174150.35,161960000
hyper,2,940.0,316999.70,175670.03,165130000
hyper,2,950.0,307028.81,177052.62,168200000
hyper,2,960.0,309994.88,178437.46,171300000
hyper,2,970.0,311982.08,179814.29,174420000
hyper,2,980.0,318012.92,181224.42,177600000
hyper,2,990.0,312999.49,182555.48,180730000
hyper,2,1000.0,304009.93,183769.99,183770000
hyper,2,1010.0,289985.63,184821.68,186670000
hyper,2,1020.0,265007.72,185607.79,189320000
hyper,2,1030.0,81001.22,184592.21,190130000
hyper,2,1040.0,52994.93,183326.73,190660000
hyper,2,1050.0,22998.78,181799.72,190890000
hyper,2,1060.0,148017.02,181481.05,192370000
hyper,2,1070.0,158003.64,181261.64,193950000
hyper,2,1080.0,172003.87,181175.92,195670000
hyper,2,1090.0,102994.83,180458.63,196700000
hyper,2,1100.0,113995.97,179854.40,197840000
hyper,2,1110.0,25996.04,178468.08,198100000
hyper,2,1120.0,15003.14,177008.88,198250000
hyper,2,1130.0,21000.03,175628.27,198460000
hyper,2,1140.0,66997.71,174675.34,199130000
hyper,2,1150.0,133007.09,174313.03,200460000
hyper,2,1160.0,93000.22,173612.06,201390000
hyper,2,1170.0,17997.71,172281.85,201570000
hyper,2,1180.0,111013.39,171762.69,202680000
hyper,2,1190.0,192998.31,171941.14,204610000
hyper,2,1200.0,186986.63,172066.53,206480000
hyper,2,1210.0,116009.17,171603.28,207640000
hyper,2,1220.0,37000.19,170499.99,208010000
hyper,2,1230.0,38997.29,169430.78,208400000
hyper,2,1240.0,78999.53,168701.50,209190000
hyper,2,1250.0,310994.97,169839.86,212300000
hyper,2,1260.0,308026.79,170936.49,215380000
hyper,2,1270.0,261986.81,171653.46,218000000
hyper,2,1280.0,272987.22,172445.16,220730000
hyper,2,1290.0,272013.43,173216.97,223450000
hyper,2,1300.0,344985.38,174538.32,226900000
hyper,2,1310.0,362009.46,175969.36,230520000
hyper,2,1320.0,372007.57,177454.47,234240000
hyper,2,1330.0,358988.49,178819.43,237830000
hyper,2,1340.0,215003.16,179089.45,239980000
hyper,2,1350.0,175011.85,179059.25,241730000
hyper,2,1360.0,171985.00,179007.23,243450000
hyper,2,1370.0,103009.16,178452.55,244480000
hyper,2,1380.0,104000.28,177913.04,245520000
hyper,2,1390.0,315974.64,178906.37,248680000
hyper,2,1400.0,307993.92,179828.44,251760000
hyper,2,1410.0,298029.86,180666.66,254740000
hyper,2,1420.0,302000.18,181521.12,257760000
hyper,2,1430.0,289998.40,182279.71,260660000
hyper,2,1440.0,291993.02,183041.63,263580000
hyper,2,1450.0,114994.00,182572.31,264730000
hyper,2,1460.0,26000.22,181499.91,264990000
hyper,2,1470.0,12000.89,180346.94,265110000
hyper,2,1480.0,101992.28,179817.47,266130000
hyper,2,1482.667607848,179964.597991,179964.597991,266827680
hyper,4,10,297992.07,297992.07,2980000
hyper,4,20,147989.88,222989.41,4460000
hyper,4,30,109008.45,184998.93,5550000
hyper,4,40,40999.65,148999.03,5960000
hyper,4,50,119992.43,143197.45,7160000
hyper,4,60.0,148011.93,143999.79,8640000
hyper,4,70.0,100988.23,137854.68,9650000
hyper,4,80.0,54006.34,127374.88,10190000
hyper,4,90.0,149985.70,129887.40,11690000
hyper,4,100.0,148007.22,131699.29,13170000
hyper,4,110.0,83003.52,127272.59,14000000
hyper,4,120.0,59997.18,121666.07,14600000
hyper,4,130.0,463008.59,147922.62,19230000
hyper,4,140.0,461996.29,170356.55,23850000
hyper,4,150.0,470977.34,190398.78,28560000
hyper,4,160.0,472043.39,207999.94,33280000
hyper,4,170.0,473957.82,223645.83,38020000
hyper,4,180.0,387004.71,232721.17,41890000
hyper,4,190.0,138997.73,227788.30,43280000
hyper,4,200.0,144000.64,223598.96,44720000
hyper,4,210.0,46000.52,215142.02,45180000
hyper,4,220.0,94005.25,209636.11,46120000
hyper,4,230.0,139002.02,206565.11,47510000
hyper,4,240.0,122998.28,203083.12,48740000
hyper,4,250.0,58997.43,197319.46,49330000
hyper,4,260.0,114005.08,194115.20,50470000
hyper,4,270.0,153991.67,192629.07,52010000
hyper,4,280.0,107007.86,189571.39,53080000
hyper,4,290.0,40997.24,184447.81,53490000
hyper,4,300.0,17999.53,178899.41,53670000
hyper,4,310.0,126999.84,177225.24,54940000
hyper,4,320.0,462005.98,186124.50,59560000
hyper,4,330.0,449013.39,194090.57,64050000
hyper,4,340.0,450988.49,201646.57,68560000
hyper,4,350.0,435015.97,208314.01,72910000
hyper,4,360.0,439015.27,214722.16,77300000
hyper,4,370.0,405964.37,219891.31,81360000
hyper,4,380.0,54001.09,215525.87,81900000
hyper,4,390.0,23000.73,210589.49,82130000
hyper,4,400.0,16996.91,205748.82,82300000
hyper,4,410.0,122021.25,203707.05,83520000
hyper,4,420.0,137996.76,202142.48,84900000
hyper,4,430.0,111002.36,200022.99,86010000
hyper,4,440.0,11997.54,195748.84,86130000
hyper,4,450.0,150036.75,194733.26,87630000
hyper,4,460.0,137001.67,193478.24,89000000
hyper,4,470.0,95992.30,191403.91,89960000
hyper,4,480.0,65999.96,188791.33,90620000
hyper,4,490.0,448998.91,194101.69,95110000
hyper,4,500.0,445010.21,199119.74,99560000
hyper,4,510.0,440011.35,203842.98,103960000
hyper,4,520.0,454997.93,208672.90,108510000
hyper,4,530.0,433995.26,212924.31,112850000
hyper,4,540.0,259995.07,213796.01,115450000
hyper,4,550.0,18000.15,210236.11,115630000
hyper,4,560.0,5000.01,206571.19,115680000
hyper,4,570.0,60000.44,203999.80,116280000
hyper,4,580.0,274004.74,205206.76,119020000
hyper,4,590.0,234994.52,205711.65,121370000
hyper,4,600.0,180995.73,205299.71,123180000
hyper,4,610.0,68999.98,203065.29,123870000
hyper,4,620.0,270012.66,204145.03,126570000
hyper,4,630.0,225999.80,204491.93,128830000
hyper,4,640.0,68997.85,202374.77,129520000
hyper,4,650.0,87004.98,200599.96,130390000
hyper,4,660.0,434968.95,204151.25,134740000
hyper,4,670.0,378031.83,206746.26,138520000
hyper,4,680.0,392965.69,209485.02,142450000
hyper,4,690.0,382029.62,211985.47,146270000
hyper,4,700.0,401985.73,214699.86,150290000
hyper,4,710.0,388006.56,217140.75,154170000
hyper,4,720.0,411998.68,219847.12,158290000
hyper,4,730.0,311987.06,221109.36,161410000
hyper,4,740.0,69999.65,219067.33,162110000
hyper,4,750.0,20000.21,216413.13,162310000
hyper,4,760.0,16000.73,213776.25,162470000
hyper,4,770.0,286985.78,214727.07,165340000
hyper,4,780.0,367003.01,216679.31,169010000
hyper,4,790.0,358989.77,218480.76,172600000
hyper,4,800.0,354021.97,220174.91,176140000
hyper,4,810.0,401011.03,222407.40,180150000
hyper,4,820.0,176996.32,221853.59,181920000
hyper,4,830.0,28000.44,219518.05,182200000
hyper,4,840.0,13999.92,217071.39,182340000
hyper,4,850.0,64000.58,215270.58,182980000
hyper,4,860.0,271999.13,215930.21,185700000
hyper,4,870.0,254991.38,216379.21,188250000
hyper,4,880.0,131992.82,215420.22,189570000
hyper,4,890.0,83006.31,213932.54,190400000
hyper,4,900.0,261002.47,214455.53,193010000
hyper,4,910.0,170999.72,213977.99,194720000
hyper,4,920.0,17999.53,211847.74,194900000
hyper,4,930.0,88003.23,210516.13,195780000
hyper,4,940.0,108999.77,209436.16,196870000
hyper,4,950.0,203988.15,209378.81,198910000
hyper,4,960.0,162002.92,208885.32,200530000
hyper,4,970.0,111000.38,207876.20,201640000
hyper,4,980.0,36999.28,206132.53,202010000
hyper,4,990.0,25999.15,204312.94,202270000
hyper,4,1000.0,20000.81,202469.89,202470000
hyper,4,1010.0,23998.94,200702.78,202710000
hyper,4,1020.0,83002.62,199548.89,203540000
hyper,4,1030.0,258991.95,200126.03,206130000
hyper,4,1040.0,268016.07,200778.78,208810000
hyper,4,1050.0,175987.75,200542.66,210570000
hyper,4,1060.0,59001.44,199207.39,211160000
hyper,4,1070.0,477033.04,201803.72,215930000
hyper,4,1080.0,481973.91,204398.02,220750000
hyper,4,1090.0,474984.23,206880.55,225500000
hyper,4,1100.0,492030.99,209472.66,230420000
hyper,4,1110.0,516001.25,212234.17,235580000
hyper,4,1120.0,465986.77,214499.88,240240000
hyper,4,1130.0,452006.31,216601.68,244760000
hyper,4,1140.0,298004.58,217315.73,247740000
hyper,4,1150.0,26999.54,215660.78,248010000
hyper,4,1160.0,15000.48,213931.00,248160000
hyper,4,1170.0,37998.03,212427.22,248540000
hyper,4,1180.0,263001.95,212855.82,251170000
hyper,4,1190.0,233012.81,213025.20,253500000
hyper,4,1200.0,185996.61,212799.95,255360000
hyper,4,1210.0,25998.77,211256.07,255620000
hyper,4,1220.0,240010.41,211491.75,258020000
hyper,4,1230.0,77998.07,210406.41,258800000
hyper,4,1240.0,33999.42,208983.75,259140000
hyper,4,1250.0,74003.15,207903.95,259880000
hyper,4,1260.0,109993.74,207126.84,260980000
hyper,4,1270.0,37000.86,205787.30,261350000
hyper,4,1280.0,24000.97,204367.15,261590000
hyper,4,1290.0,22999.15,202961.15,261820000
hyper,4,1300.0,24001.01,201584.59,262060000
hyper,4,1310.0,170995.09,201351.07,263770000
hyper,4,1320.0,48999.07,200196.87,264260000
hyper,4,1330.0,28001.75,198902.25,264540000
hyper,4,1340.0,108989.09,198231.19,265630000
hyper,4,1345.352264438,198332.947476,198332.947476,266827680
hyper,8,10,519975.04,519975.04,5200000
hyper,8,20,521980.12,520977.58,10420000
hyper,8,30,508010.55,516655.42,15500000
hyper,8,40,510978.67,515236.21,20610000
hyper,8,50,518010.32,515791.01,25790000
hyper,8,60.0,249017.39,471331.97,28280000
hyper,8,70.0,39997.27,409709.28,28680000
hyper,8,80.0,16000.30,360497.01,28840000
hyper,8,90.0,63998.08,327552.04,29480000
hyper,8,100.0,147012.69,309499.69,30950000
hyper,8,110.0,137990.26,293906.94,32330000
hyper,8,120.0,61990.78,274578.08,32950000
hyper,8,130.0,120018.51,262690.79,34150000
hyper,8,140.0,148996.23,254569.60,35640000
hyper,8,150.0,111003.22,244998.83,36750000
hyper,8,160.0,50987.79,232870.47,37260000
hyper,8,170.0,438127.82,244940.90,41640000
hyper,8,180.0,515996.64,259999.63,46800000
hyper,8,190.0,498001.82,272526.00,51780000
hyper,8,200.0,508991.25,284349.44,56870000
hyper,8,210.0,512012.38,295190.26,61990000
hyper,8,220.0,493963.84,304226.05,66930000
hyper,8,230.0,93001.18,295042.51,67860000
hyper,8,240.0,25992.37,283828.97,68120000
hyper,8,250.0,25007.27,273479.14,68370000
hyper,8,260.0,98004.43,266730.43,69350000
hyper,8,270.0,139994.13,262036.31,70750000
hyper,8,280.0,104003.64,256392.49,71790000
hyper,8,290.0,63001.22,249723.96,72420000
hyper,8,300.0,145989.69,246265.92,73880000
hyper,8,310.0,130998.48,242547.58,75190000
hyper,8,320.0,54001.05,236655.63,75730000
hyper,8,330.0,79004.53,231878.60,76520000
hyper,8,340.0,474979.78,239028.93,81270000
hyper,8,350.0,463001.31,245428.11,85900000
hyper,8,360.0,472019.14,251722.04,90620000
hyper,8,370.0,477996.48,257837.61,95400000
hyper,8,380.0,470987.15,263446.95,100110000
hyper,8,390.0,408016.49,267153.71,104190000
hyper,8,400.0,61000.71,261999.95,104800000
hyper,8,410.0,31999.66,256390.13,105120000
hyper,8,420.0,23999.93,250857.02,105360000
hyper,8,430.0,134994.60,248162.44,106710000
hyper,8,440.0,150997.91,245954.13,108220000
hyper,8,450.0,89003.09,242466.45,109110000
hyper,8,460.0,17000.36,237565.12,109280000
hyper,8,470.0,158995.04,235893.37,110870000
hyper,8,480.0,126000.57,233603.94,112130000
hyper,8,490.0,35981.22,229568.77,112490000
hyper,8,500.0,81041.40,226599.74,113300000
hyper,8,510.0,137002.20,224842.96,114670000
hyper,8,520.0,131002.97,223038.38,115980000
hyper,8,530.0,72998.14,220207.37,116710000
hyper,8,540.0,278999.06,221296.10,119500000
hyper,8,550.0,467004.50,225763.48,124170000
hyper,8,560.0,488982.42,230463.98,129060000
hyper,8,570.0,485991.69,234947.00,133920000
hyper,8,580.0,494042.32,239413.77,138860000
hyper,8,590.0,474969.98,243406.50,143610000
hyper,8,600.0,477009.38,247299.80,148380000
hyper,8,610.0,479005.32,251098.21,153170000
hyper,8,620.0,146991.98,249418.99,154640000
hyper,8,630.0,68005.99,246539.67,155320000
hyper,8,640.0,30999.57,243171.81,155630000
hyper,8,650.0,279982.63,243738.16,158430000
hyper,8,660.0,493014.35,247514.96,163360000
hyper,8,670.0,482989.84,251029.58,168190000
hyper,8,680.0,484028.91,254455.84,173030000
hyper,8,690.0,469989.83,257579.59,177730000
hyper,8,700.0,460968.65,260485.34,182340000
hyper,8,710.0,347006.61,261703.92,185810000
hyper,8,720.0,247003.73,261499.76,188280000
hyper,8,730.0,193006.66,260561.53,190210000
hyper,8,740.0,40999.80,257594.46,190620000
hyper,8,750.0,247986.81,257466.36,193100000
hyper,8,760.0,489028.45,260513.05,197990000
hyper,8,770.0,510980.44,263765.99,203100000
hyper,8,780.0,112999.09,261833.07,204230000
hyper,8,790.0,245994.38,261632.57,206690000
hyper,8,800.0,157011.92,260324.92,208260000
hyper,8,810.0,50000.99,257728.38,208760000
hyper,8,820.0,74995.47,255499.79,209510000
hyper,8,830.0,247993.20,255409.35,211990000
hyper,8,840.0,230003.10,255106.90,214290000
hyper,8,850.0,149005.30,253858.69,215780000
hyper,8,860.0,115003.11,252244.13,216930000
hyper,8,870.0,230987.92,251999.80,219240000
hyper,8,880.0,58999.88,249806.61,219830000
hyper,8,890.0,40999.58,247460.45,220240000
hyper,8,900.0,187000.79,246788.68,222110000
hyper,8,910.0,224017.13,246538.46,224350000
hyper,8,920.0,191991.75,245945.53,226270000
hyper,8,930.0,105995.90,244440.64,227330000
hyper,8,940.0,31999.03,242180.56,227650000
hyper,8,950.0,57004.59,240231.50,228220000
hyper,8,960.0,276001.81,240604.10,230980000
hyper,8,970.0,76999.18,238917.43,231750000
hyper,8,980.0,132001.92,237826.48,233070000
hyper,8,990.0,134999.07,236787.81,234420000
hyper,8,1000.0,127992.25,235699.79,235700000
hyper,8,1010.0,51000.75,233871.11,236210000
hyper,8,1020.0,38999.39,231960.58,236600000
hyper,8,1030.0,225014.70,231893.15,238850000
hyper,8,1040.0,216994.80,231749.89,241020000
hyper,8,1050.0,65001.63,230161.85,241670000
hyper,8,1060.0,58995.83,228546.96,242260000
hyper,8,1070.0,267000.80,228906.35,244930000
hyper,8,1080.0,174000.19,228397.96,246670000
hyper,8,1090.0,46999.36,226733.73,247140000
hyper,8,1100.0,174001.07,226254.34,248880000
hyper,8,1110.0,258016.76,226540.47,251460000
hyper,8,1120.0,243991.85,226696.29,253900000
hyper,8,1130.0,149002.23,226008.75,255390000
hyper,8,1140.0,42998.84,224403.35,255820000
hyper,8,1150.0,32001.79,222730.39,256140000
hyper,8,1160.0,361999.68,223930.99,259760000
hyper,8,1170.0,537964.58,226615.21,265140000
hyper,8,1172.742303669,227524.562869,227524.562869,266827680
hyper,16,10,693981.74,693981.74,6940000
hyper,16,20,389007.67,541498.21,10830000
hyper,16,30,152998.02,411997.32,12360000
hyper,16,40,69999.61,326497.95,13060000
hyper,16,50,18000.27,264799.45,13240000
hyper,16,60.0,200995.59,254165.30,15250000
hyper,16,70.0,147004.03,238856.98,16720000
hyper,16,80.0,90994.33,220373.15,17630000
hyper,16,90.0,103006.69,207333.28,18660000
hyper,16,100.0,162985.05,202898.09,20290000
hyper,16,110.0,120007.52,195363.08,21490000
hyper,16,120.0,67996.41,184748.70,22170000
hyper,16,130.0,518020.13,210383.88,27350000
hyper,16,140.0,672990.12,243427.53,34080000
hyper,16,150.0,656984.60,270998.49,40650000
hyper,16,160.0,674989.58,296248.17,47400000
hyper,16,170.0,299026.81,296411.60,50390000
hyper,16,180.0,158999.62,288777.59,51980000
hyper,16,190.0,17993.80,274521.17,52160000
hyper,16,200.0,101025.88,265848.67,53170000
hyper,16,210.0,152012.31,260428.33,54690000
hyper,16,220.0,143993.77,255135.64,56130000
hyper,16,230.0,77003.81,247391.16,56900000
hyper,16,240.0,103987.96,241415.37,57940000
hyper,16,250.0,147010.70,237639.47,59410000
hyper,16,260.0,117000.61,232999.54,60580000
hyper,16,270.0,63994.18,226739.55,61220000
hyper,16,280.0,4000.49,218785.57,61260000
hyper,16,290.0,149001.75,216379.26,62750000
hyper,16,300.0,650996.55,230866.57,69260000
hyper,16,310.0,647982.41,244322.27,75740000
hyper,16,320.0,627021.45,256281.21,82010000
hyper,16,330.0,655972.87,268393.56,88570000
hyper,16,340.0,205996.49,266558.32,90630000
hyper,16,350.0,55002.91,260514.20,91180000
hyper,16,360.0,14999.20,253693.99,91330000
hyper,16,370.0,139972.36,250619.85,92730000
hyper,16,380.0,91022.88,246420.99,93640000
hyper,16,390.0,135998.36,243589.60,95000000
hyper,16,400.0,84994.01,239624.44,95850000
hyper,16,410.0,92004.71,236024.15,96770000
hyper,16,420.0,33994.24,231213.12,97110000
hyper,16,430.0,523092.28,237999.81,102340000
hyper,16,440.0,670007.17,247818.05,109040000
hyper,16,450.0,670998.80,257222.08,115750000
hyper,16,460.0,679009.43,266391.24,122540000
hyper,16,470.0,354982.31,268276.24,126090000
hyper,16,480.0,80001.59,264353.94,126890000
hyper,16,490.0,34000.79,259652.96,127230000
hyper,16,500.0,80997.85,256079.77,128040000
hyper,16,510.0,366001.04,258235.08,131700000
hyper,16,520.0,276001.18,258576.74,134460000
hyper,16,530.0,180996.93,257112.94,136270000
hyper,16,540.0,129005.15,254740.67,137560000
hyper,16,550.0,300978.51,255581.42,140570000
hyper,16,560.0,151998.32,253731.70,142090000
hyper,16,570.0,35000.82,249894.41,142440000
hyper,16,580.0,233992.26,249620.23,144780000
hyper,16,590.0,310022.78,250643.93,147880000
hyper,16,600.0,181997.03,249499.79,149700000
hyper,16,610.0,151997.50,247901.37,151220000
hyper,16,620.0,611021.14,253757.93,157330000
hyper,16,630.0,702999.30,260888.75,164360000
hyper,16,640.0,692988.31,267640.42,171290000
hyper,16,650.0,689016.70,274122.97,178180000
hyper,16,660.0,520978.65,277863.36,183390000
hyper,16,670.0,212009.73,276880.51,185510000
hyper,16,680.0,69999.93,273838.15,186210000
hyper,16,690.0,49000.52,270579.67,186700000
hyper,16,700.0,645964.63,275942.60,193160000
hyper,16,710.0,618015.71,280760.40,199340000
hyper,16,720.0,201007.36,279652.76,201350000
hyper,16,730.0,562965.75,283534.00,206980000
hyper,16,740.0,274993.62,283418.58,209730000
hyper,16,750.0,80002.90,280706.47,210530000
hyper,16,760.0,39999.49,277539.24,210930000
hyper,16,770.0,285997.52,277649.09,213790000
hyper,16,780.0,300005.28,277935.70,216790000
hyper,16,790.0,181997.79,276721.28,218610000
hyper,16,800.0,106986.67,274599.34,219680000
hyper,16,810.0,334032.17,275333.01,223020000
hyper,16,820.0,148013.57,273780.48,224500000
hyper,16,830.0,34996.99,270903.32,224850000
hyper,16,840.0,33995.16,268082.59,225190000
hyper,16,850.0,39003.77,265387.81,225580000
hyper,16,860.0,233009.53,265011.34,227910000
hyper,16,870.0,54002.78,262586.08,228450000
hyper,16,880.0,52998.63,260204.34,228980000
hyper,16,890.0,71004.62,258078.64,229690000
hyper,16,900.0,342995.67,259022.17,233120000
hyper,16,910.0,294976.34,259417.31,236070000
hyper,16,920.0,50001.20,257141.10,236570000
hyper,16,930.0,193001.39,256451.43,238500000
hyper,16,940.0,310019.55,257021.27,241600000
hyper,16,950.0,283982.84,257305.09,244440000
hyper,16,960.0,82003.21,255479.10,245260000
hyper,16,970.0,203982.82,254948.17,247300000
hyper,16,980.0,90005.94,253265.20,248200000
hyper,16,990.0,38000.54,251090.84,248580000
hyper,16,1000.0,45997.43,249039.79,249040000
hyper,16,1010.0,428007.00,250811.71,253320000
hyper,16,1020.0,305999.98,251352.78,256380000
hyper,16,1030.0,175999.91,250621.19,258140000
hyper,16,1040.0,101003.49,249182.61,259150000
hyper,16,1050.0,289991.17,249571.28,262050000
hyper,16,1060.0,90005.02,248066.02,262950000
hyper,16,1070.0,33999.75,246065.39,263290000
hyper,16,1080.0,252986.25,246129.47,265820000
hyper,16,1083.17757834,246337.890791,246337.890791,266827680
hyper,32,10,240984.26,240984.26,2410000
hyper,32,20,163003.47,201995.55,4040000
hyper,32,30,77981.51,160651.61,4820000
hyper,32,40,126023.80,151996.49,6080000
hyper,32,50,159001.63,153397.48,7670000
hyper,32,60.0,137008.59,150666.18,9040000
hyper,32,70.0,67981.86,138851.47,9720000
hyper,32,80.0,111017.87,135372.88,10830000
hyper,32,90.0,162016.40,138332.97,12450000
hyper,32,100.0,117000.48,136199.73,13620000
hyper,32,110.0,40993.72,127543.45,14030000
hyper,32,120.0,945138.31,195666.23,23480000
hyper,32,130.0,997934.62,257382.79,33460000
hyper,32,140.0,843001.05,299212.34,41890000
hyper,32,150.0,101999.75,286064.88,42910000
hyper,32,160.0,102007.57,274562.17,43930000
hyper,32,170.0,31997.82,260292.78,44250000
hyper,32,180.0,220014.95,258055.28,46450000
hyper,32,190.0,166987.66,253261.91,48120000
hyper,32,200.0,107001.73,245949.05,49190000
hyper,32,210.0,32981.92,235802.50,49520000
hyper,32,220.0,173092.11,232953.56,51250000
hyper,32,230.0,144993.63,229129.07,52700000
hyper,32,240.0,90002.79,223332.35,53600000
hyper,32,250.0,295030.00,226199.96,56550000
hyper,32,260.0,950997.83,254076.86,66060000
hyper,32,270.0,935942.46,279332.63,75420000
hyper,32,280.0,937969.69,302856.06,84800000
hyper,32,290.0,306987.60,302998.53,87870000
hyper,32,300.0,162002.85,298298.77,89490000
hyper,32,310.0,99009.86,291870.74,90480000
hyper,32,320.0,92000.85,285624.87,91400000
hyper,32,330.0,147993.18,281454.03,92880000
hyper,32,340.0,155008.98,277735.27,94430000
hyper,32,350.0,39981.32,270939.22,94830000
hyper,32,360.0,119046.80,266721.65,96020000
hyper,32,370.0,77995.94,261620.71,96800000
hyper,32,380.0,32976.91,255599.69,97130000
hyper,32,390.0,64046.49,250691.65,97770000
hyper,32,400.0,151999.92,248224.36,99290000
hyper,32,410.0,148000.47,245779.89,100770000
hyper,32,420.0,99006.92,242285.54,101760000
hyper,32,430.0,341982.88,244604.19,105180000
hyper,32,440.0,935040.94,260295.24,114530000
hyper,32,450.0,929005.22,275155.37,123820000
hyper,32,460.0,909945.58,288955.95,132920000
hyper,32,470.0,75957.66,284421.61,133680000
hyper,32,480.0,46028.57,279458.17,134140000
hyper,32,490.0,31995.57,274407.23,134460000
hyper,32,500.0,329034.71,275499.67,137750000
hyper,32,510.0,330018.28,276568.60,141050000
hyper,32,520.0,273981.13,276518.84,143790000
hyper,32,530.0,163003.13,274377.07,145420000
hyper,32,540.0,212992.94,273240.29,147550000
hyper,32,550.0,231018.42,272472.69,149860000
hyper,32,560.0,65998.90,268785.59,150520000
hyper,32,570.0,34997.23,264683.73,150870000
hyper,32,580.0,303016.34,265344.60,153900000
hyper,32,590.0,84996.41,262287.72,154750000
hyper,32,600.0,33997.49,258482.62,155090000
hyper,32,610.0,133009.18,256425.82,156420000
hyper,32,620.0,324030.94,257516.12,159660000
hyper,32,630.0,149974.85,255808.84,161160000
hyper,32,640.0,34004.11,252343.56,161500000
hyper,32,650.0,308999.79,253215.19,164590000
hyper,32,660.0,307008.78,254030.22,167660000
hyper,32,670.0,217996.40,253492.40,169840000
hyper,32,680.0,37000.22,250308.71,170210000
hyper,32,690.0,899978.31,259724.43,179210000
hyper,32,700.0,948996.99,269571.20,188700000
hyper,32,710.0,960035.27,279295.69,198300000
hyper,32,720.0,957932.16,288721.85,207880000
hyper,32,730.0,465031.47,291136.89,212530000
hyper,32,740.0,304983.33,291324.01,215580000
hyper,32,750.0,39991.14,287972.18,215980000
hyper,32,760.0,165040.14,286355.04,217630000
hyper,32,770.0,153005.12,284623.29,219160000
hyper,32,780.0,109002.31,282371.78,220250000
hyper,32,790.0,75999.08,279759.44,221010000
hyper,32,800.0,305997.84,280087.42,224070000
hyper,32,810.0,308981.42,280444.16,227160000
hyper,32,820.0,123998.02,278536.25,228400000
hyper,32,830.0,99000.48,276373.18,229390000
hyper,32,840.0,319996.52,276892.51,232590000
hyper,32,850.0,77994.62,274552.38,233370000
hyper,32,860.0,39997.76,271824.85,233770000
hyper,32,870.0,250048.31,271574.60,236270000
hyper,32,880.0,255007.65,271386.34,238820000
hyper,32,890.0,68989.60,269111.88,239510000
hyper,32,900.0,34000.25,266499.56,239850000
hyper,32,910.0,372027.88,267659.12,243570000
hyper,32,920.0,101005.78,265847.77,244580000
hyper,32,930.0,43998.28,263462.20,245020000
hyper,32,940.0,146005.37,262212.71,246480000
hyper,32,950.0,278983.44,262389.25,249270000
hyper,32,960.0,232018.02,262072.91,251590000
hyper,32,970.0,47997.11,259865.81,252070000
hyper,32,980.0,325998.59,260540.64,255330000
hyper,32,990.0,179009.01,259717.13,257120000
hyper,32,1000.0,34999.18,257469.90,257470000
hyper,32,1010.0,197986.96,256880.92,259450000
hyper,32,1020.0,312004.39,257421.34,262570000
hyper,32,1030.0,124998.45,256135.66,263820000
hyper,32,1040.0,102001.79,254653.64,264840000
hyper,32,1046.690627062,254925.068689,254925.068689,266827680
