method,table_type,workers,hour,num_rows,seconds,rate,units
timescaledb_parallel_copy,regular,1,0,1038240,4.615110052749515,224965.3828691375,inserts
timescaledb_parallel_copy,regular,1,1,1038240,4.750623802188784,218548.14088239218,inserts
timescaledb_parallel_copy,regular,1,2,1038240,4.708130226004869,220520.66322749297,inserts
timescaledb_parallel_copy,regular,1,3,1038240,4.870085821952671,213187.20818429347,inserts
timescaledb_parallel_copy,regular,1,4,1038240,4.749861141201109,218583.23204317037,inserts
timescaledb_parallel_copy,regular,1,5,1038240,4.507557114120573,230333.18795840954,inserts
timescaledb_parallel_copy,regular,1,6,1038240,4.813963557127863,215672.59238236552,inserts
timescaledb_parallel_copy,regular,1,7,1038240,23.93617250304669,43375.355849722786,inserts
timescaledb_parallel_copy,regular,1,8,1038240,3.3430590461939573,310565.857693129,inserts
timescaledb_parallel_copy,regular,1,9,1038240,3.919873832259327,264865.66773032636,inserts
timescaledb_parallel_copy,regular,1,10,1038240,3.244760307017714,319974.32838244224,inserts
timescaledb_parallel_copy,regular,1,11,1038240,3.276292592752725,316894.77377466945,inserts
timescaledb_parallel_copy,regular,1,12,1038240,3.1840817648917437,326072.0285037339,inserts
timescaledb_parallel_copy,regular,1,13,1038240,3.2968303109519184,314920.66684506467,inserts
timescaledb_parallel_copy,regular,1,14,1038240,3.1924865106120706,325213.5902685291,inserts
timescaledb_parallel_copy,regular,1,15,1038240,3.4018000881187618,305203.1198500438,inserts
timescaledb_parallel_copy,regular,1,16,1038240,3.382974963169545,306901.47320134524,inserts
timescaledb_parallel_copy,regular,1,17,1038240,3.426473442930728,303005.41279315256,inserts
timescaledb_parallel_copy,regular,1,18,1038240,3.3714725207537413,307948.52801229013,inserts
timescaledb_parallel_copy,regular,1,19,1038240,3.4951782021671534,297049.2318120572,inserts
timescaledb_parallel_copy,regular,1,20,1038240,3.370914018712938,307999.54974716756,inserts
timescaledb_parallel_copy,regular,1,21,1038240,3.2714723190292716,317361.69490441296,inserts
timescaledb_parallel_copy,regular,1,22,1038240,3.3966882401145995,305662.43546831113,inserts
timescaledb_parallel_copy,regular,1,23,1038240,3.2317647533491254,321261.0072945615,inserts
timescaledb_parallel_copy,regular,1,24,1038240,3.2744832360185683,317069.87795191526,inserts
timescaledb_parallel_copy,regular,1,25,1038240,3.4236140050925314,303258.4860488497,inserts
timescaledb_parallel_copy,regular,1,26,1038240,3.373231455683708,307787.9515947899,inserts
timescaledb_parallel_copy,regular,1,27,1038240,3.295932780019939,315006.4243706205,inserts
timescaledb_parallel_copy,regular,1,28,1038240,3.3674395750276744,308317.3363226473,inserts
timescaledb_parallel_copy,regular,1,29,1038240,3.415937121026218,303940.02091235545,inserts
timescaledb_parallel_copy,regular,1,30,1038240,3.2601636326871812,318462.54267434834,inserts
timescaledb_parallel_copy,regular,1,31,1038240,3.3591393609531224,309079.1683335846,inserts
timescaledb_parallel_copy,regular,1,32,1038240,3.2133095609024167,323106.1247981423,inserts
timescaledb_parallel_copy,regular,1,33,1038240,3.3030143049545586,314331.06373249076,inserts
timescaledb_parallel_copy,regular,1,34,1038240,3.248202740214765,319635.2207779227,inserts
timescaledb_parallel_copy,regular,1,35,1038240,3.225904288701713,321844.63861382776,inserts
timescaledb_parallel_copy,regular,1,36,1038240,3.461508526932448,299938.59380149416,inserts
timescaledb_parallel_copy,regular,1,37,1038240,3.251350156031549,319325.80318178615,inserts
timescaledb_parallel_copy,regular,1,38,1038240,3.3706859000958502,308020.39429733757,inserts
timescaledb_parallel_copy,regular,1,39,1038240,3.2344176210463047,320997.50917883596,inserts
timescaledb_parallel_copy,regular,1,40,1038240,3.2128752865828574,323149.7980440594,inserts
timescaledb_parallel_copy,regular,1,41,1038240,3.3556103599257767,309404.2182009967,inserts
timescaledb_parallel_copy,regular,1,42,1038240,3.5462676151655614,292769.78295715246,inserts
timescaledb_parallel_copy,regular,1,43,1038240,3.249187004286796,319538.3948754578,inserts
timescaledb_parallel_copy,regular,1,44,1038240,3.218828310724348,322552.15245275386,inserts
timescaledb_parallel_copy,regular,1,45,1038240,3.329967255704105,311786.8496218799,inserts
timescaledb_parallel_copy,regular,1,46,1038240,3.376790437847376,307463.55721791653,inserts
timescaledb_parallel_copy,regular,1,47,1038240,3.2273629033006728,321699.18013811717,inserts
timescaledb_parallel_copy,regular,1,48,1038240,3.268457450903952,317654.43350436015,inserts
timescaledb_parallel_copy,regular,1,49,1038240,3.3636720329523087,308662.6727662068,inserts
timescaledb_parallel_copy,regular,1,50,1038240,3.4802219700068235,298325.79902883735,inserts
timescaledb_parallel_copy,regular,1,51,1038240,3.66286193812266,283450.48695232364,inserts
timescaledb_parallel_copy,regular,1,52,1038240,3.778889545239508,274747.3795067476,inserts
timescaledb_parallel_copy,regular,1,53,1038240,3.872663391754031,268094.56308820937,inserts
timescaledb_parallel_copy,regular,1,54,1038240,3.72355970274657,278829.9592011843,inserts
timescaledb_parallel_copy,regular,1,55,1038240,3.7777463439852,274830.52207913605,inserts
timescaledb_parallel_copy,regular,1,56,1038240,3.6720694061368704,282739.7538469351,inserts
timescaledb_parallel_copy,regular,1,57,1038240,3.687177849933505,281581.2098726737,inserts
timescaledb_parallel_copy,regular,1,58,1038240,3.8066608761437237,272742.9718015155,inserts
timescaledb_parallel_copy,regular,1,59,1038240,4.662331449333578,222686.87056738607,inserts
timescaledb_parallel_copy,regular,1,60,1038240,3.7320732004009187,278193.9003469886,inserts
timescaledb_parallel_copy,regular,1,61,1038240,3.577356845140457,290225.44994647737,inserts
timescaledb_parallel_copy,regular,1,62,1038240,3.7883932651020586,274058.136879311,inserts
timescaledb_parallel_copy,regular,1,63,1038240,4.698217234108597,220985.95025842552,inserts
timescaledb_parallel_copy,regular,1,64,1038240,4.651023713871837,223228.27486417966,inserts
timescaledb_parallel_copy,regular,1,65,1038240,4.903878623154014,211718.1275853516,inserts
timescaledb_parallel_copy,regular,1,66,1038240,4.611791223287582,225127.27695853403,inserts
timescaledb_parallel_copy,regular,1,67,1038240,4.8387747490778565,214566.7144761928,inserts
timescaledb_parallel_copy,regular,1,68,1038240,6.437087586149573,161290.33295025222,inserts
timescaledb_parallel_copy,regular,1,69,1038240,13.99898023204878,74165.40225002171,inserts
timescaledb_parallel_copy,regular,1,70,1038240,6.011124527081847,172719.76238762477,inserts
timescaledb_parallel_copy,regular,1,71,1038240,12.09817256219685,85817.91957937412,inserts
timescaledb_parallel_copy,regular,1,72,1038240,3.335689431987703,311251.99787599035,inserts
timescaledb_parallel_copy,regular,1,73,1038240,3.2687566610984504,317625.3565632825,inserts
timescaledb_parallel_copy,regular,1,74,1038240,3.439919832162559,301820.98730693216,inserts
timescaledb_parallel_copy,regular,1,75,1038240,3.400937717873603,305280.50970870105,inserts
timescaledb_parallel_copy,regular,1,76,1038240,3.316394140943885,313062.9098580257,inserts
timescaledb_parallel_copy,regular,1,77,1038240,3.254986341111362,318969.080418786,inserts
timescaledb_parallel_copy,regular,1,78,1038240,3.2346038850955665,320979.02459834743,inserts
timescaledb_parallel_copy,regular,1,79,1038240,3.3564093681052327,309330.5631506175,inserts
timescaledb_parallel_copy,regular,1,80,1038240,3.2993732639588416,314677.94545750786,inserts
timescaledb_parallel_copy,regular,1,81,1038240,3.4460436617955565,301284.6330156555,inserts
timescaledb_parallel_copy,regular,1,82,1038240,3.328560131136328,311918.65524314804,inserts
timescaledb_parallel_copy,regular,1,83,1038240,3.300512352026999,314569.3423514589,inserts
timescaledb_parallel_copy,regular,1,84,1038240,3.5004821149632335,296599.14431841194,inserts
timescaledb_parallel_copy,regular,1,85,1038240,3.4125961987301707,304237.5773571833,inserts
timescaledb_parallel_copy,regular,1,86,1038240,3.39025663677603,306242.3029388465,inserts
timescaledb_parallel_copy,regular,1,87,1038240,3.267009563744068,317795.21294396,inserts
timescaledb_parallel_copy,regular,1,88,1038240,3.3188295126892626,312833.18291294493,inserts
timescaledb_parallel_copy,regular,1,89,1038240,3.235103577375412,320929.4463586565,inserts
timescaledb_parallel_copy,regular,1,90,1038240,3.411363292951137,304347.5323033768,inserts
timescaledb_parallel_copy,regular,1,91,1038240,3.2874553282745183,315818.74012716685,inserts
timescaledb_parallel_copy,regular,1,92,1038240,5.268147076014429,197078.78026546506,inserts
timescaledb_parallel_copy,regular,1,93,1038240,3.6073312270455062,287813.88085904834,inserts
timescaledb_parallel_copy,regular,1,94,1038240,3.6553241470828652,284035.0016095203,inserts
timescaledb_parallel_copy,regular,1,95,1038240,3.9062170051038265,265791.6850608774,inserts
timescaledb_parallel_copy,regular,1,96,1038240,3.9180344128981233,264990.01555017644,inserts
timescaledb_parallel_copy,regular,1,97,1038240,3.8956859381869435,266510.19011126907,inserts
timescaledb_parallel_copy,regular,1,98,1038240,3.562571173068136,291429.96716774453,inserts
timescaledb_parallel_copy,regular,1,99,1038240,4.857926699798554,213720.80398888135,inserts
timescaledb_parallel_copy,regular,1,100,1038240,5.1797123583965,200443.56291657308,inserts
timescaledb_parallel_copy,regular,1,101,1038240,3.709703345783055,279871.43532115646,inserts
timescaledb_parallel_copy,regular,1,102,1038240,5.350588944274932,194042.19064723793,inserts
timescaledb_parallel_copy,regular,1,103,1038240,3.5481444490142167,292614.9188453855,inserts
timescaledb_parallel_copy,regular,1,104,1038240,5.885815682820976,176396.96109246637,inserts
timescaledb_parallel_copy,regular,1,105,1038240,6.273619059007615,165492.99379427618,inserts
timescaledb_parallel_copy,regular,1,106,1038240,6.088176572229713,170533.81873577271,inserts
timescaledb_parallel_copy,regular,1,107,1038240,5.79927228577435,179029.3590019577,inserts
timescaledb_parallel_copy,regular,1,108,1038240,26.48369320202619,39202.99151934623,inserts
timescaledb_parallel_copy,regular,1,109,1038240,3.559988673310727,291641.3773402417,inserts
timescaledb_parallel_copy,regular,1,110,1038240,3.4218118069693446,303418.2060759081,inserts
timescaledb_parallel_copy,regular,1,111,1038240,4.496797478757799,230884.313759846,inserts
timescaledb_parallel_copy,regular,1,112,1038240,3.4811254837550223,298248.3696278799,inserts
timescaledb_parallel_copy,regular,1,113,1038240,3.4458235688507557,301303.876781559,inserts
timescaledb_parallel_copy,regular,1,114,1038240,3.3982301438227296,305523.7450257166,inserts
timescaledb_parallel_copy,regular,1,115,1038240,3.3187727509066463,312838.5333754371,inserts
timescaledb_parallel_copy,regular,1,116,1038240,3.41449674917385,304068.23501917406,inserts
timescaledb_parallel_copy,regular,1,117,1038240,3.4631319530308247,299797.99039749696,inserts
timescaledb_parallel_copy,regular,1,118,1038240,3.481643799226731,298203.96912245644,inserts
timescaledb_parallel_copy,regular,1,119,1038240,3.4213622575625777,303458.07366790075,inserts
timescaledb_parallel_copy,regular,1,120,1038240,3.760337102226913,276102.9056105483,inserts
timescaledb_parallel_copy,regular,1,121,1038240,3.4411913310177624,301709.46632395807,inserts
timescaledb_parallel_copy,regular,1,122,1038240,3.474271890707314,298836.71533508814,inserts
timescaledb_parallel_copy,regular,1,123,1038240,3.5240505719557405,294615.5223373564,inserts
timescaledb_parallel_copy,regular,1,124,1038240,3.5187510582618415,295059.2363055259,inserts
timescaledb_parallel_copy,regular,1,125,1038240,3.3488395786844194,310029.7806465454,inserts
timescaledb_parallel_copy,regular,1,126,1038240,3.4955493551678956,297017.69150106364,inserts
timescaledb_parallel_copy,regular,1,127,1038240,3.5427104951813817,293063.7435410436,inserts
timescaledb_parallel_copy,regular,2,0,1038240,4.123506051953882,251785.73449844713,inserts
timescaledb_parallel_copy,regular,2,1,1038240,4.059347803238779,255765.2239533732,inserts
timescaledb_parallel_copy,regular,2,2,1038240,4.064581334590912,255435.9021344312,inserts
timescaledb_parallel_copy,regular,2,3,1038240,6.782262069173157,153081.66942103647,inserts
timescaledb_parallel_copy,regular,2,4,1038240,7.095766824204475,146318.2240513378,inserts
timescaledb_parallel_copy,regular,2,5,1038240,9.760722332634032,106369.17685167059,inserts
timescaledb_parallel_copy,regular,2,6,1038240,4.250165074132383,244282.2765447395,inserts
timescaledb_parallel_copy,regular,2,7,1038240,3.9743862352333963,261232.78880041442,inserts
timescaledb_parallel_copy,regular,2,8,1038240,4.223060668911785,245850.12657834674,inserts
timescaledb_parallel_copy,regular,2,9,1038240,4.751499365083873,218507.86882756389,inserts
timescaledb_parallel_copy,regular,2,10,1038240,4.0674479100853205,255255.88107119026,inserts
timescaledb_parallel_copy,regular,2,11,1038240,4.165041125845164,249274.84954649082,inserts
timescaledb_parallel_copy,regular,2,12,1038240,19.001074167899787,54641.121382179095,inserts
timescaledb_parallel_copy,regular,2,13,1038240,2.604630940128118,398613.09485517,inserts
timescaledb_parallel_copy,regular,2,14,1038240,3.8765830490738153,267823.48961879045,inserts
timescaledb_parallel_copy,regular,2,15,1038240,4.163411606103182,249372.41335399912,inserts
timescaledb_parallel_copy,regular,2,16,1038240,5.258868531789631,197426.4984423711,inserts
timescaledb_parallel_copy,regular,2,17,1038240,4.261655955109745,243623.60803789087,inserts
timescaledb_parallel_copy,regular,2,18,1038240,4.191093451809138,247725.32799330226,inserts
timescaledb_parallel_copy,regular,2,19,1038240,4.53782867314294,228796.65028889375,inserts
timescaledb_parallel_copy,regular,2,20,1038240,19.333580165170133,53701.38335115045,inserts
timescaledb_parallel_copy,regular,2,21,1038240,3.849466717801988,269710.0861266378,inserts
timescaledb_parallel_copy,regular,2,22,1038240,3.9827076722867787,260686.97113385343,inserts
timescaledb_parallel_copy,regular,2,23,1038240,4.513084051199257,230051.11099672728,inserts
timescaledb_parallel_copy,regular,2,24,1038240,4.403801559936255,235759.94192050482,inserts
timescaledb_parallel_copy,regular,2,25,1038240,4.09915049187839,253281.74753697272,inserts
timescaledb_parallel_copy,regular,2,26,1038240,4.765828767325729,217850.88191126773,inserts
timescaledb_parallel_copy,regular,2,27,1038240,19.659948009997606,52809.9056758455,inserts
timescaledb_parallel_copy,regular,2,28,1038240,1.945703917182982,533606.36776801,inserts
timescaledb_parallel_copy,regular,2,29,1038240,1.8777689919807017,552911.4627166397,inserts
timescaledb_parallel_copy,regular,2,30,1038240,1.885145289823413,550748.0010186669,inserts
timescaledb_parallel_copy,regular,2,31,1038240,1.8823045953176916,551579.1666145128,inserts
timescaledb_parallel_copy,regular,2,32,1038240,2.1779638756997883,476702.12145571486,inserts
timescaledb_parallel_copy,regular,2,33,1038240,1.9806305272504687,524196.70691499196,inserts
timescaledb_parallel_copy,regular,2,34,1038240,1.8558283662423491,559448.2867519755,inserts
timescaledb_parallel_copy,regular,2,35,1038240,1.937748160213232,535797.1801071151,inserts
timescaledb_parallel_copy,regular,2,36,1038240,2.0297066289931536,511522.19989300834,inserts
timescaledb_parallel_copy,regular,2,37,1038240,1.8477208958938718,561903.0462377982,inserts
timescaledb_parallel_copy,regular,2,38,1038240,1.8749471670016646,553743.603165261,inserts
timescaledb_parallel_copy,regular,2,39,1038240,1.8653016588650644,556607.0212105602,inserts
timescaledb_parallel_copy,regular,2,40,1038240,1.8848152849823236,550844.4293042418,inserts
timescaledb_parallel_copy,regular,2,41,1038240,1.8715238431468606,554756.4909748938,inserts
timescaledb_parallel_copy,regular,2,42,1038240,2.007192675024271,517259.75932402484,inserts
timescaledb_parallel_copy,regular,2,43,1038240,1.94626770215109,533451.795378661,inserts
timescaledb_parallel_copy,regular,2,44,1038240,1.9268825170584023,538818.5272369316,inserts
timescaledb_parallel_copy,regular,2,45,1038240,1.9207102162763476,540550.0482070744,inserts
timescaledb_parallel_copy,regular,2,46,1038240,2.0101942867040634,516487.389735004,inserts
timescaledb_parallel_copy,regular,2,47,1038240,1.9726764890365303,526310.3229395126,inserts
timescaledb_parallel_copy,regular,2,48,1038240,1.9168466362170875,541639.5763664093,inserts
timescaledb_parallel_copy,regular,2,49,1038240,1.8874200722202659,550084.2209326866,inserts
timescaledb_parallel_copy,regular,2,50,1038240,1.924916964955628,539368.7202626597,inserts
timescaledb_parallel_copy,regular,2,51,1038240,1.9256890881806612,539152.4552807749,inserts
timescaledb_parallel_copy,regular,2,52,1038240,2.0451444131322205,507660.97168164956,inserts
timescaledb_parallel_copy,regular,2,53,1038240,2.1338668959215283,486553.3093860699,inserts
timescaledb_parallel_copy,regular,2,54,1038240,1.8821846866048872,551614.3061777815,inserts
timescaledb_parallel_copy,regular,2,55,1038240,1.8969104392454028,547332.1135883543,inserts
timescaledb_parallel_copy,regular,2,56,1038240,1.9487017248757184,532785.4882800062,inserts
timescaledb_parallel_copy,regular,2,57,1038240,2.067766210064292,502107.05395351176,inserts
timescaledb_parallel_copy,regular,2,58,1038240,1.9422123548574746,534565.644896327,inserts
timescaledb_parallel_copy,regular,2,59,1038240,2.010587037075311,516386.4984976079,inserts
timescaledb_parallel_copy,regular,2,60,1038240,1.9093475081026554,543766.9128296678,inserts
timescaledb_parallel_copy,regular,2,61,1038240,2.070883570704609,501351.2177542378,inserts
timescaledb_parallel_copy,regular,2,62,1038240,2.00942620402202,516684.81177456694,inserts
timescaledb_parallel_copy,regular,2,63,1038240,1.8561712908558547,559344.9295949847,inserts
timescaledb_parallel_copy,regular,2,64,1038240,1.9697698657400906,527086.9547036693,inserts
timescaledb_parallel_copy,regular,2,65,1038240,1.9944121092557907,520574.45659383625,inserts
timescaledb_parallel_copy,regular,2,66,1038240,2.0199428889900446,513994.73007829033,inserts
timescaledb_parallel_copy,regular,2,67,1038240,1.9102520858868957,543509.4182964673,inserts
timescaledb_parallel_copy,regular,2,68,1038240,1.9196334891021252,540853.2440667194,inserts
timescaledb_parallel_copy,regular,2,69,1038240,1.9109649849124253,543306.6582575713,inserts
timescaledb_parallel_copy,regular,2,70,1038240,2.217494975309819,468203.9921443076,inserts
timescaledb_parallel_copy,regular,2,71,1038240,3.942174304742366,263367.3500309247,inserts
timescaledb_parallel_copy,regular,2,72,1038240,4.613682864699513,225034.97324097506,inserts
timescaledb_parallel_copy,regular,2,73,1038240,4.276322156190872,242788.0692985046,inserts
timescaledb_parallel_copy,regular,2,74,1038240,4.430956130847335,234315.11604730255,inserts
timescaledb_parallel_copy,regular,2,75,1038240,4.169425164815038,249012.74371381066,inserts
timescaledb_parallel_copy,regular,2,76,1038240,5.612911156844348,184973.53173566214,inserts
timescaledb_parallel_copy,regular,2,77,1038240,1.878228067420423,552776.3204102945,inserts
timescaledb_parallel_copy,regular,2,78,1038240,4.384259716141969,236810.7884159799,inserts
timescaledb_parallel_copy,regular,2,79,1038240,3.986695406958461,260426.21620599215,inserts
timescaledb_parallel_copy,regular,2,80,1038240,4.816344256047159,215565.986317618,inserts
timescaledb_parallel_copy,regular,2,81,1038240,4.045231326948851,256657.75726677687,inserts
timescaledb_parallel_copy,regular,2,82,1038240,3.9208376980386674,264800.55538115284,inserts
timescaledb_parallel_copy,regular,2,83,1038240,4.109791724942625,252625.9405552953,inserts
timescaledb_parallel_copy,regular,2,84,1038240,20.006214858032763,51895.873725615456,inserts
timescaledb_parallel_copy,regular,2,85,1038240,3.7851664177142084,274291.77093539096,inserts
timescaledb_parallel_copy,regular,2,86,1038240,4.080758387222886,254423.29623111122,inserts
timescaledb_parallel_copy,regular,2,87,1038240,4.179639887064695,248404.17549205225,inserts
timescaledb_parallel_copy,regular,2,88,1038240,4.755817988887429,218309.44801209364,inserts
timescaledb_parallel_copy,regular,2,89,1038240,3.9630094659514725,261982.72018276158,inserts
timescaledb_parallel_copy,regular,2,90,1038240,4.007106687873602,259099.66488837087,inserts
timescaledb_parallel_copy,regular,2,91,1038240,5.729321705177426,181215.1688151447,inserts
timescaledb_parallel_copy,regular,2,92,1038240,16.696293312124908,62183.86204595642,inserts
timescaledb_parallel_copy,regular,2,93,1038240,1.9391346876509488,535414.0723756095,inserts
timescaledb_parallel_copy,regular,2,94,1038240,1.9586142059415579,530089.0787223155,inserts
timescaledb_parallel_copy,regular,2,95,1038240,1.9184233681298792,541194.4085168744,inserts
timescaledb_parallel_copy,regular,2,96,1038240,1.8885868089273572,549744.3882866467,inserts
timescaledb_parallel_copy,regular,2,97,1038240,1.9072364419698715,544368.7930625232,inserts
timescaledb_parallel_copy,regular,2,98,1038240,1.8721713609993458,554564.6203271683,inserts
timescaledb_parallel_copy,regular,2,99,1038240,1.9310477743856609,537656.2992235152,inserts
timescaledb_parallel_copy,regular,2,100,1038240,1.8804171262308955,552132.8143192603,inserts
timescaledb_parallel_copy,regular,2,101,1038240,1.8323174929246306,566626.6921584787,inserts
timescaledb_parallel_copy,regular,2,102,1038240,1.9077248959802091,544229.412840231,inserts
timescaledb_parallel_copy,regular,2,103,1038240,1.9288151380605996,538278.6455336191,inserts
timescaledb_parallel_copy,regular,2,104,1038240,2.129904374945909,487458.50387126755,inserts
timescaledb_parallel_copy,regular,2,105,1038240,1.89804553007707,547004.7917964552,inserts
timescaledb_parallel_copy,regular,2,106,1038240,2.0813313499093056,498834.55608605593,inserts
timescaledb_parallel_copy,regular,2,107,1038240,1.8756813718937337,553526.8492599932,inserts
timescaledb_parallel_copy,regular,2,108,1038240,1.9216607753187418,540282.6624422249,inserts
timescaledb_parallel_copy,regular,2,109,1038240,1.9218092928640544,540240.9093634471,inserts
timescaledb_parallel_copy,regular,2,110,1038240,1.8900656490586698,549314.2529293023,inserts
timescaledb_parallel_copy,regular,2,111,1038240,2.077621245291084,499725.34808890923,inserts
timescaledb_parallel_copy,regular,2,112,1038240,1.932017657905817,537386.3927959051,inserts
timescaledb_parallel_copy,regular,2,113,1038240,1.997601409908384,519743.3255954784,inserts
timescaledb_parallel_copy,regular,2,114,1038240,2.105511493049562,493105.8336310685,inserts
timescaledb_parallel_copy,regular,2,115,1038240,1.9605049155652523,529577.861170858,inserts
timescaledb_parallel_copy,regular,2,116,1038240,1.9682438471354544,527495.6157038342,inserts
timescaledb_parallel_copy,regular,2,117,1038240,1.8927904376760125,548523.4811703517,inserts
timescaledb_parallel_copy,regular,2,118,1038240,1.977200628258288,525106.043949917,inserts
timescaledb_parallel_copy,regular,2,119,1038240,1.8532790439203382,560217.8492256388,inserts
timescaledb_parallel_copy,regular,2,120,1038240,1.8726949798874557,554409.5600995286,inserts
timescaledb_parallel_copy,regular,2,121,1038240,1.9721273463219404,526456.8750777376,inserts
timescaledb_parallel_copy,regular,2,122,1038240,1.8956636800430715,547692.0884913562,inserts
timescaledb_parallel_copy,regular,2,123,1038240,1.9442474972456694,534006.0879444769,inserts
timescaledb_parallel_copy,regular,2,124,1038240,1.9446917101740837,533884.1085032751,inserts
timescaledb_parallel_copy,regular,2,125,1038240,2.1049538529478014,493236.46622753126,inserts
timescaledb_parallel_copy,regular,2,126,1038240,1.8662073579616845,556336.8912734275,inserts
timescaledb_parallel_copy,regular,2,127,1038240,1.9291711980476975,538179.2974364788,inserts
timescaledb_parallel_copy,regular,4,0,1038240,3.4524992047809064,300721.2857753246,inserts
timescaledb_parallel_copy,regular,4,1,1038240,3.1292230179533362,331788.43247773993,inserts
timescaledb_parallel_copy,regular,4,2,1038240,3.3593547949567437,309059.3472171101,inserts
timescaledb_parallel_copy,regular,4,3,1038240,5.346344486344606,194196.24056246772,inserts
timescaledb_parallel_copy,regular,4,4,1038240,5.671495913993567,183062.8137169769,inserts
timescaledb_parallel_copy,regular,4,5,1038240,5.978632302954793,173658.44684692772,inserts
timescaledb_parallel_copy,regular,4,6,1038240,5.050774062983692,205560.5709249783,inserts
timescaledb_parallel_copy,regular,4,7,1038240,1.1167061859741807,929734.260488824,inserts
timescaledb_parallel_copy,regular,4,8,1038240,1.2279702378436923,845492.8043070023,inserts
timescaledb_parallel_copy,regular,4,9,1038240,1.2090244190767407,858741.9605576217,inserts
timescaledb_parallel_copy,regular,4,10,1038240,1.1995643638074398,865514.2077617301,inserts
timescaledb_parallel_copy,regular,4,11,1038240,1.183361244853586,877365.2209038319,inserts
timescaledb_parallel_copy,regular,4,12,1038240,1.2203571209684014,850767.3550313826,inserts
timescaledb_parallel_copy,regular,4,13,1038240,1.2051006648689508,861537.9862170301,inserts
timescaledb_parallel_copy,regular,4,14,1038240,1.1903737941756845,872196.6201540629,inserts
timescaledb_parallel_copy,regular,4,15,1038240,1.2051351051777601,861513.3652146473,inserts
timescaledb_parallel_copy,regular,4,16,1038240,1.2178434440866113,852523.3723934732,inserts
timescaledb_parallel_copy,regular,4,17,1038240,1.147604202851653,904702.1590022965,inserts
timescaledb_parallel_copy,regular,4,18,1038240,1.2175901737064123,852700.7053937858,inserts
timescaledb_parallel_copy,regular,4,19,1038240,1.1383390398696065,912065.7059419903,inserts
timescaledb_parallel_copy,regular,4,20,1038240,1.228280231822282,845279.41841062,inserts
timescaledb_parallel_copy,regular,4,21,1038240,1.105769303161651,938930.0254867186,inserts
timescaledb_parallel_copy,regular,4,22,1038240,1.2019439106807113,863800.7071494719,inserts
timescaledb_parallel_copy,regular,4,23,1038240,1.1516571240499616,901518.3237428215,inserts
timescaledb_parallel_copy,regular,4,24,1038240,1.1595874521881342,895352.910244801,inserts
timescaledb_parallel_copy,regular,4,25,1038240,1.1718336269259453,885996.0801121576,inserts
timescaledb_parallel_copy,regular,4,26,1038240,1.283365746960044,808997.7486615314,inserts
timescaledb_parallel_copy,regular,4,27,1038240,1.183975629042834,876909.9418366814,inserts
timescaledb_parallel_copy,regular,4,28,1038240,1.2305657998658717,843709.4547184436,inserts
timescaledb_parallel_copy,regular,4,29,1038240,1.2024941029958427,863405.4815016332,inserts
timescaledb_parallel_copy,regular,4,30,1038240,1.1560388039797544,898101.3409115482,inserts
timescaledb_parallel_copy,regular,4,31,1038240,1.1615731911733747,893822.2816172363,inserts
timescaledb_parallel_copy,regular,4,32,1038240,1.2326311650685966,842295.7567702107,inserts
timescaledb_parallel_copy,regular,4,33,1038240,1.186760040000081,874852.5102007387,inserts
timescaledb_parallel_copy,regular,4,34,1038240,1.1179317040368915,928715.0514211898,inserts
timescaledb_parallel_copy,regular,4,35,1038240,1.1230472857132554,924484.6705992493,inserts
timescaledb_parallel_copy,regular,4,36,1038240,1.177058783825487,882062.9982690241,inserts
timescaledb_parallel_copy,regular,4,37,1038240,1.1758743398822844,882951.4896157503,inserts
timescaledb_parallel_copy,regular,4,38,1038240,1.1477546142414212,904583.5992445109,inserts
timescaledb_parallel_copy,regular,4,39,1038240,1.1511587155982852,901908.6472888332,inserts
timescaledb_parallel_copy,regular,4,40,1038240,1.323652493301779,784375.0570893172,inserts
timescaledb_parallel_copy,regular,4,41,1038240,1.1362066697329283,913777.4206553849,inserts
timescaledb_parallel_copy,regular,4,42,1038240,1.1927199610508978,870480.945992732,inserts
timescaledb_parallel_copy,regular,4,43,1038240,1.1695227888412774,887746.7031049923,inserts
timescaledb_parallel_copy,regular,4,44,1038240,1.1976706478744745,866882.7292733452,inserts
timescaledb_parallel_copy,regular,4,45,1038240,1.146826506126672,905315.6640986478,inserts
timescaledb_parallel_copy,regular,4,46,1038240,1.247427106834948,832305.145776645,inserts
timescaledb_parallel_copy,regular,4,47,1038240,1.1966556906700134,867617.9857705638,inserts
timescaledb_parallel_copy,regular,4,48,1038240,1.1740218866616488,884344.6717609781,inserts
timescaledb_parallel_copy,regular,4,49,1038240,1.209628394804895,858313.1848252134,inserts
timescaledb_parallel_copy,regular,4,50,1038240,1.1876388280652463,874205.1669794021,inserts
timescaledb_parallel_copy,regular,4,51,1038240,1.1980174048803747,866631.8166752103,inserts
timescaledb_parallel_copy,regular,4,52,1038240,1.1949203042313457,868878.030043909,inserts
timescaledb_parallel_copy,regular,4,53,1038240,1.148087132256478,904321.6066357421,inserts
timescaledb_parallel_copy,regular,4,54,1038240,4.249203545041382,244337.5538485504,inserts
timescaledb_parallel_copy,regular,4,55,1038240,1.6660323166288435,623181.1890064902,inserts
timescaledb_parallel_copy,regular,4,56,1038240,1.8074478153139353,574423.2232893917,inserts
timescaledb_parallel_copy,regular,4,57,1038240,1.7413459899835289,596228.4382150962,inserts
timescaledb_parallel_copy,regular,4,58,1038240,1.6710007251240313,621328.2761579507,inserts
timescaledb_parallel_copy,regular,4,59,1038240,1.8267783508636057,568344.8128828405,inserts
timescaledb_parallel_copy,regular,4,60,1038240,3.6782612218521535,282263.80275330314,inserts
timescaledb_parallel_copy,regular,4,61,1038240,1.515529547818005,685067.4745964628,inserts
timescaledb_parallel_copy,regular,4,62,1038240,3.5026054461486638,296419.3415337747,inserts
timescaledb_parallel_copy,regular,4,63,1038240,3.0910333041101694,335887.67827879585,inserts
timescaledb_parallel_copy,regular,4,64,1038240,3.9255867791362107,264480.20599571493,inserts
timescaledb_parallel_copy,regular,4,65,1038240,3.309196355752647,313743.84847098676,inserts
timescaledb_parallel_copy,regular,4,66,1038240,23.939377448987216,43369.54886201203,inserts
timescaledb_parallel_copy,regular,4,67,1038240,3.079728150740266,337120.6642866972,inserts
timescaledb_parallel_copy,regular,4,68,1038240,3.600786959286779,288336.9695955708,inserts
timescaledb_parallel_copy,regular,4,69,1038240,3.312064509373158,313472.1552257741,inserts
timescaledb_parallel_copy,regular,4,70,1038240,3.4993558628484607,296694.6034333522,inserts
timescaledb_parallel_copy,regular,4,71,1038240,3.1994737600907683,324503.3645690988,inserts
timescaledb_parallel_copy,regular,4,72,1038240,3.8347071707248688,270748.1833101074,inserts
timescaledb_parallel_copy,regular,4,73,1038240,4.427121166139841,234518.08998154823,inserts
timescaledb_parallel_copy,regular,4,74,1038240,7.522797276265919,138012.4921451226,inserts
timescaledb_parallel_copy,regular,4,75,1038240,9.301141628064215,111625.00707088814,inserts
timescaledb_parallel_copy,regular,4,76,1038240,3.0631045936606824,338950.22786643106,inserts
timescaledb_parallel_copy,regular,4,77,1038240,3.1412967960350215,330513.1821069813,inserts
timescaledb_parallel_copy,regular,4,78,1038240,3.2489582556299865,319560.89254174824,inserts
timescaledb_parallel_copy,regular,4,79,1038240,4.0527872457169,256179.25073595744,inserts
timescaledb_parallel_copy,regular,4,80,1038240,3.2838857527822256,316162.0342974374,inserts
timescaledb_parallel_copy,regular,4,81,1038240,3.6601707926020026,283658.8943058362,inserts
timescaledb_parallel_copy,regular,4,82,1038240,2.434143600985408,426531.94313584955,inserts
timescaledb_parallel_copy,regular,4,83,1038240,3.0109872189350426,344817.13953180297,inserts
timescaledb_parallel_copy,regular,4,84,1038240,3.670427131932229,282866.26124993735,inserts
timescaledb_parallel_copy,regular,4,85,1038240,13.923215097747743,74568.98372330314,inserts
timescaledb_parallel_copy,regular,4,86,1038240,5.250529136043042,197740.0702098473,inserts
timescaledb_parallel_copy,regular,4,87,1038240,12.407178694847971,83680.58730637327,inserts
timescaledb_parallel_copy,regular,4,88,1038240,1.190167329274118,872347.9249201217,inserts
timescaledb_parallel_copy,regular,4,89,1038240,1.1765306261368096,882458.9661631733,inserts
timescaledb_parallel_copy,regular,4,90,1038240,1.2127972599118948,856070.5357096735,inserts
timescaledb_parallel_copy,regular,4,91,1038240,1.2288543689064682,844884.4926383817,inserts
timescaledb_parallel_copy,regular,4,92,1038240,1.1563045517541468,897894.9347081273,inserts
timescaledb_parallel_copy,regular,4,93,1038240,1.135442100930959,914392.7278623347,inserts
timescaledb_parallel_copy,regular,4,94,1038240,1.1673253830522299,889417.8222059151,inserts
timescaledb_parallel_copy,regular,4,95,1038240,1.241473760921508,836296.3702344754,inserts
timescaledb_parallel_copy,regular,4,96,1038240,1.1703149899840355,887145.77603946,inserts
timescaledb_parallel_copy,regular,4,97,1038240,1.169181410688907,888005.9078156628,inserts
timescaledb_parallel_copy,regular,4,98,1038240,1.171832671854645,885996.8022198856,inserts
timescaledb_parallel_copy,regular,4,99,1038240,1.1617223471403122,893707.521901188,inserts
timescaledb_parallel_copy,regular,4,100,1038240,1.138320669066161,912080.4253266668,inserts
timescaledb_parallel_copy,regular,4,101,1038240,1.1619568397291005,893527.1642637398,inserts
timescaledb_parallel_copy,regular,4,102,1038240,1.147550208028406,904744.7272775884,inserts
timescaledb_parallel_copy,regular,4,103,1038240,1.1308933733962476,918070.6372714916,inserts
timescaledb_parallel_copy,regular,4,104,1038240,1.1414971607737243,909542.3411270379,inserts
timescaledb_parallel_copy,regular,4,105,1038240,1.1601621680893004,894909.3743591923,inserts
timescaledb_parallel_copy,regular,4,106,1038240,1.2738161953166127,815062.6470422138,inserts
timescaledb_parallel_copy,regular,4,107,1038240,1.1473135030828416,904931.387288862,inserts
timescaledb_parallel_copy,regular,4,108,1038240,1.1869637458585203,874702.3686465253,inserts
timescaledb_parallel_copy,regular,4,109,1038240,1.1773893712088466,881815.3326235828,inserts
timescaledb_parallel_copy,regular,4,110,1038240,1.1833331249654293,877386.0699879688,inserts
timescaledb_parallel_copy,regular,4,111,1038240,1.1928779808804393,870365.6339047317,inserts
timescaledb_parallel_copy,regular,4,112,1038240,1.1446641460061073,907025.8762123056,inserts
timescaledb_parallel_copy,regular,4,113,1038240,1.2831122619099915,809157.5700901774,inserts
timescaledb_parallel_copy,regular,4,114,1038240,1.2923244247213006,803389.597951694,inserts
timescaledb_parallel_copy,regular,4,115,1038240,1.1878467816859484,874052.1218792151,inserts
timescaledb_parallel_copy,regular,4,116,1038240,1.1579750748351216,896599.6095795325,inserts
timescaledb_parallel_copy,regular,4,117,1038240,1.1952225011773407,868658.3451845101,inserts
timescaledb_parallel_copy,regular,4,118,1038240,1.1891229059547186,873114.1203326007,inserts
timescaledb_parallel_copy,regular,4,119,1038240,1.1658911192789674,890511.9722003613,inserts
timescaledb_parallel_copy,regular,4,120,1038240,1.1517662559635937,901432.9032685412,inserts
timescaledb_parallel_copy,regular,4,121,1038240,1.3007829380221665,798165.4507082007,inserts
timescaledb_parallel_copy,regular,4,122,1038240,1.4268404999747872,727649.6567194064,inserts
timescaledb_parallel_copy,regular,4,123,1038240,1.1646221103146672,891482.3021172762,inserts
timescaledb_parallel_copy,regular,4,124,1038240,1.2080042767338455,859467.1558673223,inserts
timescaledb_parallel_copy,regular,4,125,1038240,1.1454601967707276,906395.5281265975,inserts
timescaledb_parallel_copy,regular,4,126,1038240,1.1537678367458284,899869.0784519773,inserts
timescaledb_parallel_copy,regular,4,127,1038240,1.1796925249509513,880093.7346306974,inserts
