method,table_type,workers,hour,num_rows,seconds_full,rate_full,units_full,seconds_copy,rate_copy,units_copy
psycopg3,regular,16,6,1038240,34.363697750959545,30213.27936022278,inserts,23.897961320355535,43444.71003539786,inserts
psycopg3,regular,16,10,1038240,35.79611448477954,29004.26526575834,inserts,25.398391254246235,40878.179629838625,inserts
psycopg3,regular,16,7,1038240,37.076570024713874,28002.590296458045,inserts,24.998326108325273,41532.38082826,inserts
psycopg3,regular,16,5,1038240,36.96279728366062,28088.78321714448,inserts,25.0156118189916,41503.68208111459,inserts
psycopg3,regular,16,11,1038240,38.0131985489279,27312.618764865336,inserts,28.215287860948592,36797.072747110884,inserts
psycopg3,regular,16,3,1038240,39.28478592727333,26428.55180430563,inserts,29.82458974281326,34811.54339265242,inserts
psycopg3,regular,16,4,1038240,38.972842464223504,26640.08920963589,inserts,26.463427289854735,39233.013495497966,inserts
psycopg3,regular,16,15,1038240,38.63620600802824,26872.203750654593,inserts,27.645938406232744,37554.883641277665,inserts
psycopg3,regular,16,1,1038240,38.69269016617909,26832.97531241484,inserts,26.81684037996456,38715.97046069944,inserts
psycopg3,regular,16,14,1038240,41.56419877894223,24979.18955497841,inserts,30.448212685994804,34098.55319611443,inserts
psycopg3,regular,16,0,1038240,41.90080170100555,24778.52350913572,inserts,31.17536240024492,33303.22152058907,inserts
psycopg3,regular,16,13,1038240,43.95838745124638,23618.700780402763,inserts,32.39125473285094,32053.09607679463,inserts
psycopg3,regular,16,9,1038240,45.53744299104437,22799.699144376325,inserts,34.076197559945285,30468.188188355693,inserts
psycopg3,regular,16,8,1038240,45.30559249408543,22916.376165603408,inserts,34.35100224008784,30224.445643346247,inserts
psycopg3,regular,16,2,1038240,45.405845320783556,22865.77846233308,inserts,35.7553222971037,29037.355372520327,inserts
psycopg3,regular,16,12,1038240,47.385961580090225,21910.28662033586,inserts,36.012461008969694,28830.020801449908,inserts
psycopg3,regular,16,21,1038240,36.92070447281003,28120.806870426968,inserts,25.701240407768637,40396.493847284284,inserts
psycopg3,regular,16,20,1038240,41.31354026729241,25130.743898555847,inserts,29.666250818874687,34997.34450230685,inserts
psycopg3,regular,16,19,1038240,39.254181866999716,26449.156513253678,inserts,25.549078139010817,40637.08265131939,inserts
psycopg3,regular,16,28,1038240,36.56879606191069,28391.418690466806,inserts,23.532727078069,44118.98359912453,inserts
psycopg3,regular,16,25,1038240,38.97939432412386,26635.61140449651,inserts,26.390315579250455,39341.70460683398,inserts
psycopg3,regular,16,17,1038240,46.65947707789019,22251.428113239075,inserts,31.07368133822456,33412.19821041395,inserts
psycopg3,regular,16,24,1038240,41.91237689182162,24771.680276681996,inserts,28.793136671185493,36058.59312434725,inserts
psycopg3,regular,16,16,1038240,48.00979185895994,21625.58844350074,inserts,32.18218936212361,32261.32281795416,inserts
psycopg3,regular,16,26,1038240,43.62045202124864,23801.67907233622,inserts,29.22456749714911,35526.274258850244,inserts
psycopg3,regular,16,23,1038240,46.96047861780971,22108.80362718979,inserts,35.005409067030996,29659.41629226214,inserts
psycopg3,regular,16,18,1038240,47.41562342597172,21896.58017722716,inserts,30.556733475998044,33977.453801320924,inserts
psycopg3,regular,16,22,1038240,49.536354220006615,20959.15245172965,inserts,35.36376377614215,29358.86594459268,inserts
psycopg3,regular,16,30,1038240,43.67435238184407,23772.304416163664,inserts,30.547205845359713,33988.05132148328,inserts
psycopg3,regular,16,29,1038240,44.7006872901693,23226.488515945763,inserts,31.81331129465252,32635.395617384762,inserts
psycopg3,regular,16,31,1038240,45.82622184790671,22656.02439245001,inserts,34.25997759401798,30304.74836566395,inserts
psycopg3,regular,16,27,1038240,49.25855423184112,21077.35430303948,inserts,36.598354503978044,28368.48853101166,inserts
psycopg3,regular,16,32,1038240,41.733879775274545,24877.629532423936,inserts,28.26379207568243,36733.924351689515,inserts
psycopg3,regular,16,35,1038240,41.64615614525974,24930.031870856703,inserts,27.610101827885956,37603.62806599239,inserts
psycopg3,regular,16,34,1038240,45.97112485812977,22584.611605743477,inserts,27.485578991938382,37773.99050987863,inserts
psycopg3,regular,16,33,1038240,48.51250255620107,21401.49333251182,inserts,35.26193710695952,29443.646185707883,inserts
psycopg3,regular,16,36,1038240,44.964937024284154,23089.991195568207,inserts,27.789577692747116,37360.76925958372,inserts
psycopg3,regular,16,37,1038240,43.455745081882924,23891.892730032865,inserts,31.700889128260314,32751.131862558475,inserts
psycopg3,regular,16,38,1038240,41.86091620288789,24802.132733262395,inserts,28.868353022728115,35964.64263765208,inserts
psycopg3,regular,16,41,1038240,42.36115734092891,24509.245383550067,inserts,27.556636774912477,37676.58616980474,inserts
psycopg3,regular,16,42,1038240,41.20719919260591,25195.597379651525,inserts,28.24035898502916,36764.40517453741,inserts
psycopg3,regular,16,40,1038240,45.65712915174663,22739.931732222845,inserts,28.840836892835796,35998.95536519274,inserts
psycopg3,regular,16,44,1038240,38.30279068276286,27106.118940498818,inserts,25.353388878982514,40950.73857604423,inserts
psycopg3,regular,16,39,1038240,43.65535481180996,23782.649447602886,inserts,30.553824092727154,33980.68918800695,inserts
psycopg3,regular,16,43,1038240,43.80111439526081,23703.50650512982,inserts,30.026451960671693,34577.51190050277,inserts
psycopg3,regular,16,45,1038240,41.10624837409705,25257.474011037288,inserts,28.299800959881395,36687.183824078435,inserts
psycopg3,regular,16,47,1038240,38.65485047688708,26859.242428600148,inserts,26.954036108218133,38518.906624282754,inserts
psycopg3,regular,16,46,1038240,42.359918368048966,24509.96224730968,inserts,27.431757076177746,37848.10419240797,inserts
psycopg3,regular,16,48,1038240,37.31170713016763,27826.118927711883,inserts,25.224303936120123,41160.303278509295,inserts
psycopg3,regular,16,52,1038240,32.504444045946,31941.47848006312,inserts,23.89114092104137,43457.112551941915,inserts
psycopg3,regular,16,50,1038240,35.11386676225811,29567.8059904227,inserts,22.3578572277911,46437.36604192349,inserts
psycopg3,regular,16,51,1038240,36.8303878037259,28189.765623238098,inserts,24.906167089007795,41686.06097797448,inserts
psycopg3,regular,16,49,1038240,39.000989652238786,26620.862938548576,inserts,25.222892445977777,41162.606636954726,inserts
psycopg3,regular,16,56,1038240,33.294435635209084,31183.5890950515,inserts,25.002407354302704,41525.60132659896,inserts
psycopg3,regular,16,53,1038240,36.07014625612646,28783.914338125436,inserts,23.118652982171625,44909.19089449796,inserts
psycopg3,regular,16,57,1038240,33.8519888157025,30669.98531910198,inserts,23.070739518851042,45002.45859703183,inserts
psycopg3,regular,16,58,1038240,34.557410182897,30043.918062871537,inserts,23.85253701498732,43527.44529219849,inserts
psycopg3,regular,16,54,1038240,34.977874705102295,29682.763997337715,inserts,22.78326496994123,45570.29035872545,inserts
psycopg3,regular,16,60,1038240,34.536376032046974,30062.21611197993,inserts,23.326500146649778,44509.03450893876,inserts
psycopg3,regular,16,62,1038240,32.365118437912315,32078.98039958388,inserts,22.66475134762004,45808.57667820929,inserts
psycopg3,regular,16,55,1038240,36.896206486970186,28139.478251420023,inserts,25.77741593401879,40277.117095737325,inserts
psycopg3,regular,16,59,1038240,38.83134958986193,26737.159819731405,inserts,25.860804995987564,40147.24213577606,inserts
psycopg3,regular,16,61,1038240,39.46609679888934,26307.13661121964,inserts,27.000174480956048,38453.084839592375,inserts
psycopg3,regular,16,63,1038240,37.38094179099426,27774.58111689767,inserts,27.562023398000747,37669.222792812456,inserts
psycopg3,regular,16,65,1038240,37.97089911205694,27343.044918057432,inserts,23.86323184100911,43507.93752151283,inserts
psycopg3,regular,16,64,1038240,42.039517254568636,24696.763136288617,inserts,31.652979118283838,32800.704038637465,inserts
psycopg3,regular,16,68,1038240,38.15077342092991,27214.12718281645,inserts,26.789323499891907,38755.7378970092,inserts
psycopg3,regular,16,67,1038240,40.53095879033208,25615.974331395613,inserts,29.199401462916285,35556.893223259445,inserts
psycopg3,regular,16,66,1038240,43.08937002206221,24095.037812537295,inserts,28.73245125077665,36134.75198959699,inserts
psycopg3,regular,16,69,1038240,33.956632351037115,30575.470184053447,inserts,23.17997869104147,44790.377671971546,inserts
psycopg3,regular,16,73,1038240,37.44103680597618,27730.001318614137,inserts,24.560485070571303,42272.78072956437,inserts
psycopg3,regular,16,71,1038240,37.961842111777514,27349.56846780336,inserts,23.98471342213452,43287.57161808948,inserts
psycopg3,regular,16,70,1038240,42.8283557142131,24241.88327303557,inserts,29.5122891953215,35179.92091798115,inserts
psycopg3,regular,16,72,1038240,40.2451967461966,25797.861209316106,inserts,27.809789413120598,37333.61603630701,inserts
psycopg3,regular,16,74,1038240,40.6081531890668,25567.279436867673,inserts,27.37294163927436,37929.42730387245,inserts
psycopg3,regular,16,75,1038240,41.62415345525369,24943.209983023837,inserts,24.895424387883395,41704.04905832059,inserts
psycopg3,regular,16,76,1038240,40.79217201890424,25451.942091214227,inserts,27.57953204587102,37645.30878454251,inserts
psycopg3,regular,16,77,1038240,37.65118401637301,27575.228432351836,inserts,27.569568583741784,37658.913553412174,inserts
psycopg3,regular,16,78,1038240,40.07216911017895,25909.253805186978,inserts,25.26583920326084,41092.638627495246,inserts
psycopg3,regular,16,79,1038240,38.71855590399355,26815.0496773283,inserts,26.508760781027377,39165.91984726348,inserts
psycopg3,regular,16,81,1038240,34.748257980216295,29878.907903559237,inserts,24.912065208889544,41676.19148771004,inserts
psycopg3,regular,16,80,1038240,36.54744358500466,28408.0060917308,inserts,24.426740173250437,42504.238905237544,inserts
psycopg3,regular,16,83,1038240,37.55591931100935,27645.176021443967,inserts,27.1162749780342,38288.444885628145,inserts
psycopg3,regular,16,82,1038240,37.3188724857755,27820.77621438688,inserts,24.88180953776464,41726.86871604736,inserts
psycopg3,regular,16,84,1038240,37.543362142983824,27654.422532693392,inserts,25.53912782110274,40652.91529423774,inserts
psycopg3,regular,16,85,1038240,38.165662148967385,27203.510735581218,inserts,25.94696987606585,40013.92089169145,inserts
psycopg3,regular,16,86,1038240,37.704492304008454,27536.241348345175,inserts,25.48385146772489,40741.09446583941,inserts
psycopg3,regular,16,91,1038240,36.132059203926474,28734.592571662077,inserts,25.120439295191318,41330.48740906156,inserts
psycopg3,regular,16,87,1038240,38.159106268081814,27208.184403114177,inserts,24.63942740857601,42137.34283608513,inserts
psycopg3,regular,16,88,1038240,42.02927899407223,24702.77922555922,inserts,28.80747844511643,36040.64139032644,inserts
psycopg3,regular,16,92,1038240,36.85880572255701,28168.031482490856,inserts,22.48751014424488,46169.62897805348,inserts
psycopg3,regular,16,89,1038240,38.902908843010664,26687.978633930128,inserts,25.49453309038654,40724.02488482909,inserts
psycopg3,regular,16,90,1038240,39.74127198802307,26124.98161389744,inserts,28.157184407114983,36873.004949232396,inserts
psycopg3,regular,16,93,1038240,36.29771396983415,28603.454224771496,inserts,25.836695690173656,40184.70521347932,inserts
psycopg3,regular,16,94,1038240,34.31987735116854,30251.856362320286,inserts,23.9539399407804,43343.18289879518,inserts
psycopg3,regular,16,95,1038240,36.27078622719273,28624.689674402936,inserts,25.06710887607187,41418.41826007567,inserts
psycopg3,regular,16,96,1038240,32.15668535605073,32286.909813751703,inserts,21.617194616235793,48028.43377374326,inserts
psycopg3,regular,16,98,1038240,30.97566381515935,33517.92575602173,inserts,20.796597806271166,49923.550461072104,inserts
psycopg3,regular,16,99,1038240,30.802137297112495,33706.75190443127,inserts,20.04798725899309,51787.74240961612,inserts
psycopg3,regular,16,100,1038240,32.07315599406138,32370.995863089964,inserts,20.949213355779648,49559.85613242903,inserts
psycopg3,regular,16,97,1038240,38.057880092877895,27280.552607403242,inserts,25.680775629822165,40428.68544804889,inserts
psycopg3,regular,16,102,1038240,27.859122138936073,37267.50594732307,inserts,19.628564985003322,52894.340507991255,inserts
psycopg3,regular,16,105,1038240,27.26607698807493,38078.08510384842,inserts,19.427254339680076,53442.44646447026,inserts
psycopg3,regular,16,104,1038240,27.964604625944048,37126.93291707679,inserts,18.847903195768595,55085.17256355008,inserts
psycopg3,regular,16,103,1038240,28.544117670040578,36373.16844057573,inserts,19.90849955100566,52150.590120567584,inserts
psycopg3,regular,16,108,1038240,26.44335117470473,39262.79967847506,inserts,18.555265267845243,55953.929249353554,inserts
psycopg3,regular,16,107,1038240,27.700077932793647,37481.48299506571,inserts,18.896820877678692,54942.57508819328,inserts
psycopg3,regular,16,109,1038240,28.185859663877636,36835.49171042617,inserts,19.702697228640318,52695.32328247876,inserts
psycopg3,regular,16,110,1038240,26.97603927506134,38487.488449048426,inserts,19.21662734495476,54028.211161236126,inserts
psycopg3,regular,16,111,1038240,27.530568147078156,37712.26203735971,inserts,19.944813610985875,52055.638134824345,inserts
psycopg3,regular,16,101,1038240,37.88135435525328,27407.67899329396,inserts,26.319226391147822,39447.96798241761,inserts
psycopg3,regular,16,106,1038240,35.519902657717466,29229.80983379525,inserts,26.417228715959936,39301.624374124774,inserts
psycopg3,regular,16,112,1038240,30.46602084999904,34078.62172457066,inserts,23.03250079602003,45077.17200120127,inserts
psycopg3,regular,16,113,1038240,31.14637106610462,33334.22047134974,inserts,23.268297277856618,44620.368547037855,inserts
psycopg3,regular,16,115,1038240,32.08268346171826,32361.382776439197,inserts,24.20719795813784,42889.72237908148,inserts
psycopg3,regular,16,114,1038240,36.39525922713801,28526.792281392503,inserts,28.327603860758245,36651.17618501636,inserts
psycopg3,regular,16,116,1038240,36.09542547585443,28763.755692380393,inserts,23.2018209900707,44748.21180821619,inserts
psycopg3,regular,16,118,1038240,36.96795866591856,28084.861525155637,inserts,26.626044270116836,38993.400201217504,inserts
psycopg3,regular,16,119,1038240,38.99881846923381,26622.345003068953,inserts,23.6119317621924,43970.98934795491,inserts
psycopg3,regular,16,124,1038240,33.16134933382273,31308.738059734293,inserts,23.622113442979753,43952.03682795598,inserts
psycopg3,regular,16,120,1038240,37.39779648836702,27762.06347673333,inserts,25.355929596349597,40946.635226084225,inserts
psycopg3,regular,16,117,1038240,39.94192883884534,25993.737162494377,inserts,27.51230078889057,37737.30186968732,inserts
psycopg3,regular,16,121,1038240,39.5991999018006,26218.711554139016,inserts,26.168063359335065,39675.844014250426,inserts
psycopg3,regular,16,123,1038240,41.63416900392622,24937.20962467369,inserts,28.947426069062203,35866.40130017043,inserts
psycopg3,regular,16,127,1038240,31.641608570236713,32812.491112623386,inserts,22.621801768429577,45895.5484902596,inserts
psycopg3,regular,16,122,1038240,44.797731732949615,23176.17343193191,inserts,28.101327468641102,36946.29732914202,inserts
psycopg3,regular,16,125,1038240,34.85437813960016,29787.936420543767,inserts,23.945638831704855,43358.20845277823,inserts
psycopg3,regular,16,126,1038240,35.754379213787615,29038.12128276677,inserts,22.52300843084231,46096.86149112595,inserts
psycopg3,regular,16,128,1038240,35.222415261901915,29476.683875310653,inserts,23.930459022987634,43385.711866315025,inserts
psycopg3,regular,16,130,1038240,36.627814874984324,28345.671275877452,inserts,25.538493040949106,40653.925755731085,inserts
psycopg3,regular,16,129,1038240,37.022106040269136,28043.78548510182,inserts,24.939205813687295,41630.83651325362,inserts
psycopg3,regular,16,131,1038240,37.31662662420422,27822.450578278673,inserts,25.450688865035772,40794.1806803641,inserts
psycopg3,regular,16,132,1038240,31.18176368623972,33296.38472175862,inserts,22.257151626050472,46647.4784125032,inserts
psycopg3,regular,16,133,1038240,41.376914646010846,25092.25274243827,inserts,31.349432930350304,33118.30240459787,inserts
psycopg3,regular,16,134,1038240,36.63711415370926,28338.476541687036,inserts,25.25853507220745,41104.521581791945,inserts
psycopg3,regular,16,138,1038240,34.838233987335116,29801.740248298338,inserts,24.180546750314534,42936.994383160294,inserts
psycopg3,regular,16,136,1038240,37.032439204864204,28035.960425302674,inserts,24.829048848245293,41815.53656548443,inserts
psycopg3,regular,16,135,1038240,39.15272331004962,26517.69563455902,inserts,25.59037645207718,40571.50163243205,inserts
psycopg3,regular,16,137,1038240,36.777577358763665,28230.244474017796,inserts,23.875716854352504,43485.186490253196,inserts
psycopg3,regular,16,141,1038240,32.7036120868288,31746.951903766785,inserts,22.74328952888027,45650.38837858545,inserts
psycopg3,regular,16,139,1038240,40.45919044688344,25661.413106202555,inserts,25.12740486394614,41319.03018324469,inserts
psycopg3,regular,16,140,1038240,35.31462430115789,29399.71812091339,inserts,25.53122372366488,40665.500848580785,inserts
psycopg3,regular,16,143,1038240,38.835480625741184,26734.315715197485,inserts,27.46101023303345,37807.786064297026,inserts
psycopg3,regular,16,142,1038240,45.40760901430622,22864.890324282213,inserts,27.608497028704733,37605.813852182364,inserts
psycopg3,regular,16,144,1038240,37.398579974193126,27761.481872211112,inserts,25.177159362938255,41237.376505958375,inserts
psycopg3,regular,16,145,1038240,39.27998422505334,26431.78250916393,inserts,26.83520485367626,38689.47547302839,inserts
psycopg3,regular,16,148,1038240,34.44992524944246,30137.656104690763,inserts,25.665656504686922,40452.501178389975,inserts
psycopg3,regular,16,146,1038240,41.689458057284355,24904.13760172614,inserts,28.667108232621104,36217.116549570834,inserts
psycopg3,regular,16,147,1038240,41.042640511877835,25296.618030692516,inserts,27.14277046592906,38251.06951787585,inserts
psycopg3,regular,16,151,1038240,37.28028254117817,27849.574338746108,inserts,25.719845119398087,40367.272632483786,inserts
psycopg3,regular,16,149,1038240,39.95020179124549,25988.354337361954,inserts,25.60910202981904,40541.835429882754,inserts
psycopg3,regular,16,152,1038240,39.69412195123732,26156.013761318045,inserts,25.348029534332454,40959.39680809364,inserts
psycopg3,regular,16,154,1038240,35.058197434060276,29614.757060821194,inserts,22.70825040107593,45720.82752578805,inserts
psycopg3,regular,16,155,1038240,34.94080646103248,29714.25405300507,inserts,23.536268681287766,44112.344826579945,inserts
psycopg3,regular,16,150,1038240,41.47511799959466,25032.8401720315,inserts,25.50134126469493,40713.1526621849,inserts
psycopg3,regular,16,157,1038240,36.624993490986526,28347.854867346603,inserts,25.215320814866573,41174.9669029739,inserts
psycopg3,regular,16,153,1038240,43.57528901658952,23826.347992889554,inserts,28.08134112507105,36972.59313135363,inserts
psycopg3,regular,16,160,1038240,33.647978524677455,30855.939807455416,inserts,23.151683422736824,44845.11908021187,inserts
psycopg3,regular,16,156,1038240,43.5340896230191,23848.896554184972,inserts,30.22217038087547,34353.58833980356,inserts
psycopg3,regular,16,158,1038240,39.28454846702516,26428.711554912807,inserts,28.275311209261417,36718.959247385064,inserts
psycopg3,regular,16,159,1038240,38.66947879688814,26849.08181600706,inserts,25.711007652804255,40381.14779553422,inserts
psycopg3,regular,16,161,1038240,35.016726195812225,29649.830603643546,inserts,26.364013956859708,39380.95320761496,inserts
psycopg3,regular,16,162,1038240,40.4378681499511,25674.94399432764,inserts,28.10592756792903,36940.25032586755,inserts
psycopg3,regular,16,163,1038240,40.49819265725091,25636.69961242358,inserts,28.95887689385563,35852.21912457141,inserts
psycopg3,regular,16,164,1038240,43.0513410451822,24116.321926194392,inserts,30.95802530180663,33537.022787413094,inserts
psycopg3,regular,16,165,1038240,42.94402129203081,24176.59009946206,inserts,30.72304263524711,33793.52794989373,inserts
psycopg3,regular,16,166,1038240,41.37065400974825,25096.049962259658,inserts,27.630772312171757,37575.4969231403,inserts
psycopg3,regular,16,168,1038240,37.78842634987086,27475.079019890123,inserts,26.037843271624297,39874.2702753519,inserts
psycopg3,regular,16,167,1038240,41.7145313792862,24889.16849046875,inserts,28.43589124502614,36511.60398152119,inserts
psycopg3,regular,16,170,1038240,36.66101430123672,28320.002045469213,inserts,23.728280985727906,43755.38205335991,inserts
psycopg3,regular,16,171,1038240,34.609887436032295,29998.363962290445,inserts,22.49596839211881,46152.26968240828,inserts
psycopg3,regular,16,169,1038240,39.07427827408537,26570.93223110344,inserts,24.167830201797187,42959.58682806343,inserts
psycopg3,regular,16,172,1038240,34.62519785808399,29985.0994138825,inserts,24.576378304045647,42245.443456129164,inserts
psycopg3,regular,16,173,1038240,35.99006542703137,28847.960893680403,inserts,25.314384060446173,41013.836146313915,inserts
psycopg3,regular,16,174,1038240,36.09585555596277,28763.41297383351,inserts,25.012831469997764,41508.29550206428,inserts
psycopg3,regular,16,175,1038240,40.142809429671615,25863.660634389566,inserts,28.59717176388949,36305.688148889494,inserts
psycopg3,regular,16,177,1038240,37.12853202223778,27963.400206023663,inserts,27.03829122474417,38398.87629621548,inserts
psycopg3,regular,16,176,1038240,44.190823758021,23494.470383380234,inserts,29.394162248820066,35321.299216196465,inserts
psycopg3,regular,16,178,1038240,37.42728073801845,27740.19323678412,inserts,26.94782243622467,38527.788375373275,inserts
psycopg3,regular,16,180,1038240,40.511215303093195,25628.45849555953,inserts,28.68769279215485,36191.12932929639,inserts
psycopg3,regular,16,179,1038240,46.378732171840966,22386.122935684118,inserts,30.77995352819562,33731.0450793544,inserts
psycopg3,regular,16,182,1038240,44.70101944403723,23226.3159299937,inserts,31.41599278477952,33048.13593231434,inserts
psycopg3,regular,16,185,1038240,40.19407715089619,25830.6714221165,inserts,23.333877538796514,44494.96223993421,inserts
psycopg3,regular,16,181,1038240,45.413462582975626,22861.943154037548,inserts,30.651339317206293,33872.581855409444,inserts
psycopg3,regular,16,183,1038240,43.35941070644185,23944.9748759097,inserts,29.890599257778376,34734.666610266126,inserts
psycopg3,regular,16,184,1038240,44.83829429233447,23155.20731522334,inserts,31.21980590187013,33255.81213616089,inserts
psycopg3,regular,16,187,1038240,36.3043227782473,28598.247275999023,inserts,25.830143011175096,40194.89940689907,inserts
psycopg3,regular,16,189,1038240,35.33676606044173,29381.296472465634,inserts,24.98149429494515,41560.364153639974,inserts
psycopg3,regular,16,190,1038240,38.85461121518165,26721.152715956887,inserts,26.183395070023835,39652.61178786678,inserts
psycopg3,regular,16,188,1038240,43.19578526774421,24035.678332147134,inserts,26.844992086291313,38675.36994098011,inserts
psycopg3,regular,16,192,1038240,36.986086026765406,28071.096769976302,inserts,24.536592388991266,42313.944150852134,inserts
psycopg3,regular,16,186,1038240,51.56611778680235,20134.15096115154,inserts,35.56146410526708,29195.64832670161,inserts
psycopg3,regular,16,191,1038240,42.163228929042816,24624.300044649593,inserts,25.71210608864203,40379.422689867795,inserts
psycopg3,regular,16,193,1038240,40.26481487089768,25785.291782141332,inserts,26.206674040760845,39617.3890049978,inserts
psycopg3,regular,16,194,1038240,36.08162146201357,28774.760055976152,inserts,26.860395012889057,38653.19179043334,inserts
psycopg3,regular,16,195,1038240,38.33809056598693,27081.160920442748,inserts,21.734818219207227,47768.51545427232,inserts
psycopg3,regular,16,196,1038240,38.51133333472535,26959.336644515177,inserts,21.630481050815433,47998.932504594486,inserts
psycopg3,regular,16,197,1038240,36.144044384825975,28725.06432721942,inserts,21.202894694171846,48966.89885864437,inserts
psycopg3,regular,16,199,1038240,34.65018678503111,29963.474841888008,inserts,20.312028355896473,51114.5406952233,inserts
psycopg3,regular,16,198,1038240,36.56792950397357,28392.09148790286,inserts,21.10994873009622,49182.49746953638,inserts
psycopg3,regular,16,200,1038240,34.086796178948134,30458.71470435267,inserts,19.944025358650833,52057.69554187102,inserts
psycopg3,regular,16,201,1038240,33.00285469274968,31459.09678619676,inserts,20.293419196736068,51161.41296519354,inserts
psycopg3,regular,16,202,1038240,31.984296311158687,32460.929885700774,inserts,19.979121796321124,51966.24809560835,inserts
psycopg3,regular,16,204,1038240,28.172965303994715,36852.3507837063,inserts,20.211642670910805,51368.41259786696,inserts
psycopg3,regular,16,205,1038240,28.472214155830443,36465.02496495844,inserts,20.838264322374016,49823.72734783113,inserts
psycopg3,regular,16,206,1038240,29.34401699434966,35381.65889830007,inserts,21.33746807370335,48658.0692898397,inserts
psycopg3,regular,16,203,1038240,35.18550764629617,29507.603256344977,inserts,24.33592335321009,42662.85626113498,inserts
psycopg3,regular,16,208,1038240,28.04795832419768,37016.59807103621,inserts,20.264712147880346,51233.888368288426,inserts
psycopg3,regular,16,207,1038240,30.335475117899477,34225.275719759054,inserts,21.46224924083799,48375.17206838019,inserts
psycopg3,regular,16,209,1038240,29.327476826962084,35401.613515060344,inserts,20.545326723717153,50534.11970331309,inserts
psycopg3,regular,16,210,1038240,39.22827803809196,26466.621833153997,inserts,26.359758140984923,39387.311311696525,inserts
psycopg3,regular,16,211,1038240,32.311440794728696,32132.271866049963,inserts,24.42939157690853,42499.62577788384,inserts
psycopg3,regular,16,212,1038240,36.95186462672427,28097.093624042063,inserts,28.156319834757596,36874.13717748524,inserts
psycopg3,regular,16,215,1038240,33.74462249595672,30767.56896967515,inserts,25.411433626897633,40857.19897759086,inserts
psycopg3,regular,16,213,1038240,35.278071195818484,29430.180415392515,inserts,26.444148350972682,39261.61607552058,inserts
psycopg3,regular,16,214,1038240,34.932847927790135,29721.02366649725,inserts,27.04956846125424,38382.86741938872,inserts
psycopg3,regular,16,216,1038240,33.550163995008916,30945.89940467813,inserts,24.438565695192665,42483.671625795665,inserts
psycopg3,regular,16,217,1038240,34.55329359229654,30047.497418060015,inserts,26.14987073978409,39703.44673331155,inserts
psycopg3,regular,16,218,1038240,35.214591884054244,29483.232502550523,inserts,26.43292949628085,39278.279773949456,inserts
psycopg3,regular,16,220,1038240,34.82245055679232,29815.248019570678,inserts,24.128819169010967,43029.04310101625,inserts
psycopg3,regular,16,219,1038240,39.826923134271055,26068.79764474185,inserts,29.872587081976235,34755.61045820591,inserts
psycopg3,regular,16,223,1038240,36.527102754916996,28423.825644376906,inserts,26.397964009083807,39330.305914605044,inserts
psycopg3,regular,16,221,1038240,40.525994840078056,25619.11198224888,inserts,29.513742117211223,35178.189057718315,inserts
psycopg3,regular,16,222,1038240,41.23497097985819,25178.6281238598,inserts,32.538540282286704,31908.007888270145,inserts
psycopg3,regular,16,224,1038240,38.254319043364376,27140.464814523835,inserts,27.49987823702395,37754.348984796045,inserts
psycopg3,regular,16,225,1038240,40.57653043838218,25587.204938002964,inserts,27.58555239904672,37637.09296014963,inserts
psycopg3,regular,16,226,1038240,54.66329923318699,18993.36510171101,inserts,22.3220551176928,46511.84644630123,inserts
psycopg3,regular,16,227,1038240,53.59581464715302,19371.661888810395,inserts,24.8156481962651,41838.117295532145,inserts
psycopg3,regular,16,230,1038240,50.382205687928945,20607.27564074773,inserts,24.744289256166667,41958.77235557511,inserts
psycopg3,regular,16,228,1038240,52.84823242388666,19645.690165613374,inserts,25.303495544940233,41031.4850830011,inserts
psycopg3,regular,16,231,1038240,48.77491454593837,21286.352004207813,inserts,26.859764809720218,38654.09869948949,inserts
psycopg3,regular,16,232,1038240,49.125801105983555,21134.31184073946,inserts,21.400433491449803,48514.90510296495,inserts
psycopg3,regular,16,229,1038240,52.66284796083346,19714.847187378895,inserts,24.867281773127615,41751.246053839124,inserts
psycopg3,regular,16,234,1038240,42.88470624713227,24210.029422072297,inserts,26.96561283012852,38502.36990868535,inserts
psycopg3,regular,16,235,1038240,42.79286233196035,24261.99004745187,inserts,26.056898158043623,39845.11102214601,inserts
psycopg3,regular,16,233,1038240,44.88365917466581,23131.803847802712,inserts,26.399828692432493,39327.527920573644,inserts
psycopg3,regular,16,238,1038240,40.96485434100032,25344.65254916972,inserts,24.711081439163536,42015.15836350803,inserts
psycopg3,regular,16,236,1038240,42.17909821914509,24615.03549947265,inserts,24.536724239122123,42313.716773349784,inserts
psycopg3,regular,16,237,1038240,40.6038868338801,25569.965856906267,inserts,28.134340967051685,36902.94367356569,inserts
psycopg3,regular,16,239,1038240,42.58133432921022,24382.514459810653,inserts,28.07559190504253,36980.164247704655,inserts
psycopg3,regular,16,240,1038240,40.95118640502915,25353.111622487584,inserts,27.569232548121363,37659.37257004814,inserts
psycopg3,regular,16,241,1038240,42.820994957815856,24246.050355037263,inserts,31.790523988194764,32658.788524075437,inserts
psycopg3,regular,16,242,1038240,45.42250344809145,22857.39272795684,inserts,27.467484236694872,37798.874882504715,inserts
psycopg3,regular,16,244,1038240,43.07601965032518,24102.505487462382,inserts,28.658478087745607,36228.02288457713,inserts
psycopg3,regular,16,248,1038240,41.46259201830253,25040.402672888787,inserts,28.145706532057375,36888.04183392825,inserts
psycopg3,regular,16,250,1038240,37.9858813341707,27332.260396076097,inserts,25.266837212257087,41091.015518805965,inserts
psycopg3,regular,16,243,1038240,45.70905398624018,22714.09949356077,inserts,32.16111701680347,32282.460819303713,inserts
psycopg3,regular,16,247,1038240,40.491635635029525,25640.851097203224,inserts,28.168027298059314,36858.81119802562,inserts
psycopg3,regular,16,246,1038240,43.36426711967215,23942.293251140953,inserts,30.593202201649547,33936.950867602194,inserts
psycopg3,regular,16,245,1038240,43.93249554699287,23632.620616541924,inserts,31.656679674051702,32796.869750399725,inserts
psycopg3,regular,16,251,1038240,39.719406499993056,26139.363386514386,inserts,28.26323668565601,36734.64619595113,inserts
psycopg3,regular,16,256,1038240,38.24253291776404,27148.829347486215,inserts,23.877529240213335,43481.885816370326,inserts
psycopg3,regular,16,254,1038240,39.483146206941456,26295.77679950614,inserts,24.527729706838727,42329.233582124885,inserts
psycopg3,regular,16,255,1038240,40.39526523929089,25702.02210208895,inserts,26.968219893984497,38498.647818856916,inserts
psycopg3,regular,16,252,1038240,46.9516564225778,22112.95786149811,inserts,33.508445689920336,30984.427317448288,inserts
psycopg3,regular,16,253,1038240,43.810575301758945,23698.38772599537,inserts,27.762154094409198,37397.67441925852,inserts
psycopg3,regular,16,249,1038240,48.028262588661164,21617.271665477958,inserts,34.10070527670905,30446.291112610008,inserts
psycopg3,regular,16,257,1038240,53.5154275149107,19400.76064440896,inserts,33.02551339287311,31437.512799545206,inserts
psycopg3,regular,16,258,1038240,39.40775187313557,26346.085494609822,inserts,28.18984022270888,36830.29033856053,inserts
psycopg3,regular,16,261,1038240,39.579600953962654,26231.694483419316,inserts,27.183476004749537,38193.79095663105,inserts
psycopg3,regular,16,262,1038240,39.83464035997167,26063.74729676958,inserts,29.804521286394447,34834.98325718619,inserts
psycopg3,regular,16,260,1038240,41.0517878360115,25290.981336730816,inserts,26.623066996224225,38997.76085705102,inserts
psycopg3,regular,16,268,1038240,38.299947381950915,27108.13123699687,inserts,24.8108269716613,41846.2472526961,inserts
psycopg3,regular,16,263,1038240,42.257071166764945,24569.61571952418,inserts,27.834124594926834,37300.97551511406,inserts
psycopg3,regular,16,266,1038240,41.49992223782465,25017.878203485103,inserts,29.124100019223988,35648.826893009136,inserts
psycopg3,regular,16,264,1038240,45.3505591256544,22893.65379428535,inserts,31.496345662046224,32963.82415726093,inserts
psycopg3,regular,16,259,1038240,46.931590450927615,22122.412431038312,inserts,32.166874235030264,32276.682913422133,inserts
psycopg3,regular,16,267,1038240,42.447089977096766,24459.627280932677,inserts,30.08072955813259,34515.12031959021,inserts
psycopg3,regular,16,265,1038240,48.733510367106646,21304.436971172396,inserts,32.12341465987265,32320.34984428134,inserts
psycopg3,regular,16,269,1038240,43.972947261761874,23610.880431088044,inserts,30.849357549101114,33655.15791852373,inserts
psycopg3,regular,16,270,1038240,42.34475399600342,24518.739679016464,inserts,29.117478982079774,35656.9330964051,inserts
psycopg3,regular,16,271,1038240,45.67074364889413,22733.15293444187,inserts,27.983213817235082,37102.24303687877,inserts
psycopg3,regular,16,272,1038240,49.54183973092586,20956.831753502523,inserts,30.782980088610202,33727.728667314834,inserts
psycopg3,regular,16,273,1038240,47.71601665392518,21758.731612702482,inserts,30.89690992422402,33603.36041844727,inserts
psycopg3,regular,16,274,1038240,41.375279483385384,25093.244395289574,inserts,28.867991788778454,35965.09267414937,inserts
psycopg3,regular,16,275,1038240,44.540983696933836,23309.768079313246,inserts,25.922931185923517,40051.026350128865,inserts
psycopg3,regular,16,276,1038240,41.74798265378922,24869.225624864175,inserts,30.755660767201334,33757.68798657082,inserts
psycopg3,regular,16,278,1038240,40.90465504210442,25381.952223562515,inserts,27.793056284077466,37356.09316902667,inserts
psycopg3,regular,16,277,1038240,46.07560087600723,22533.40119847767,inserts,29.913608676288277,34707.948854829585,inserts
psycopg3,regular,16,279,1038240,41.770745552144945,24855.673181698476,inserts,29.223389983642846,35527.70573780565,inserts
psycopg3,regular,16,282,1038240,39.468054834287614,26305.831497376857,inserts,26.874007081612945,38633.61339628277,inserts
psycopg3,regular,16,284,1038240,40.51621818682179,25625.293930757227,inserts,27.01963172806427,38425.39418927829,inserts
psycopg3,regular,16,281,1038240,44.007321999873966,23592.437640331158,inserts,28.978226386010647,35828.27969420566,inserts
psycopg3,regular,16,280,1038240,46.522468662820756,22316.958446999346,inserts,30.752532039303333,33761.12245564285,inserts
psycopg3,regular,16,283,1038240,44.353709121234715,23408.18886560569,inserts,29.16502269823104,35598.80651363158,inserts
psycopg3,regular,16,285,1038240,46.127357841003686,22508.1177113744,inserts,27.718948809895664,37455.96584922976,inserts
psycopg3,regular,16,287,1038240,41.885208044201136,24787.74843148334,inserts,30.376816754695028,34178.69648371007,inserts
psycopg3,regular,16,286,1038240,43.030984373763204,24127.73063664875,inserts,29.222019906155765,35529.37145803838,inserts
psycopg3,regular,16,288,1038240,49.54630385991186,20954.94353999723,inserts,34.59161705104634,30014.208311449693,inserts
psycopg3,regular,16,289,1038240,43.57541603082791,23826.27854351375,inserts,32.200619177892804,32242.858258849854,inserts
psycopg3,regular,16,295,1038240,41.30048472713679,25138.688004739488,inserts,28.91490933019668,35906.73545414634,inserts
psycopg3,regular,16,296,1038240,40.74507200624794,25481.36373009217,inserts,26.545722670853138,39111.38577289418,inserts
psycopg3,regular,16,292,1038240,45.369634638074785,22884.028233471723,inserts,29.13829945679754,35631.45479849867,inserts
psycopg3,regular,16,290,1038240,47.43280544737354,21888.64837758589,inserts,33.93319316813722,30596.590036651556,inserts
psycopg3,regular,16,294,1038240,43.94617409259081,23625.264802631456,inserts,30.064252593088895,34534.03661991146,inserts
psycopg3,regular,16,291,1038240,48.728326404001564,21306.703443743554,inserts,34.298459549900144,30270.74724710261,inserts
psycopg3,regular,16,293,1038240,47.29235230293125,21953.655283407174,inserts,31.9929826897569,32452.116455287873,inserts
psycopg3,regular,16,297,1038240,43.35781289776787,23945.857288697563,inserts,27.64353086706251,37558.15438313169,inserts
psycopg3,regular,16,298,1038240,51.03232847992331,20344.750688937413,inserts,34.492012915201485,30100.881689697555,inserts
psycopg3,regular,16,300,1038240,49.186655356083065,21108.164246658776,inserts,29.508734479080886,35184.158803422135,inserts
psycopg3,regular,16,301,1038240,37.97631646879017,27339.14440736373,inserts,28.209187881089747,36805.0297788258,inserts
psycopg3,regular,16,299,1038240,47.87749073607847,21685.346997887376,inserts,30.5840563881211,33947.09932601531,inserts
psycopg3,regular,16,303,1038240,47.346043134108186,21928.75964437353,inserts,32.02085665008053,32423.867085935344,inserts
psycopg3,regular,16,302,1038240,50.29155657906085,20644.41967247195,inserts,31.799568769987673,32649.49935358518,inserts
psycopg3,regular,16,304,1038240,46.12139290617779,22511.028713118758,inserts,28.257344383746386,36742.306208972535,inserts
psycopg3,regular,16,306,1038240,37.896846449933946,27396.474832586224,inserts,26.40568255679682,39318.80941789014,inserts
psycopg3,regular,16,305,1038240,46.99595787283033,22092.112747429186,inserts,27.328931871801615,37990.50782044179,inserts
psycopg3,regular,16,307,1038240,38.45836221193895,26996.469435656065,inserts,25.776622580830008,40278.356745314486,inserts
psycopg3,regular,16,310,1038240,38.071517624892294,27270.78048817176,inserts,25.521402060054243,40681.15057146642,inserts
psycopg3,regular,16,312,1038240,36.51987113105133,28429.45409840802,inserts,23.153512694872916,44841.57603567024,inserts
psycopg3,regular,16,311,1038240,35.70227544289082,29080.49941132641,inserts,22.39720104401931,46355.792313488186,inserts
psycopg3,regular,16,309,1038240,39.99139935988933,25961.582155620603,inserts,22.296174190938473,46565.836412506935,inserts
psycopg3,regular,16,308,1038240,41.877026319969445,24792.59133796006,inserts,23.4160015466623,44338.9106347232,inserts
psycopg3,regular,16,313,1038240,38.97185576474294,26640.763690275046,inserts,23.45285255694762,44269.24176830823,inserts
psycopg3,regular,16,317,1038240,35.311061430722475,29402.684539430942,inserts,23.275502452161163,44606.555847029544,inserts
psycopg3,regular,16,315,1038240,39.05871450668201,26581.519978656288,inserts,24.1841137050651,42930.66153516107,inserts
psycopg3,regular,16,316,1038240,37.687650156673044,27548.546955936104,inserts,26.39129317877814,39340.247291666376,inserts
psycopg3,regular,16,314,1038240,41.41267016902566,25070.588198308084,inserts,24.046681988984346,43176.019064734675,inserts
psycopg3,regular,16,318,1038240,37.26790649211034,27858.822717068815,inserts,26.351795071735978,39399.21349470345,inserts
psycopg3,regular,16,319,1038240,34.856989671010524,29785.704669255243,inserts,26.11369856633246,39758.4431543745,inserts
psycopg3,regular,16,320,1038240,35.475399972870946,29266.4776378553,inserts,22.28891703300178,46580.998011825526,inserts
psycopg3,regular,16,321,1038240,32.370475341100246,32073.671735112403,inserts,21.33056159503758,48673.82395789992,inserts
psycopg3,regular,16,323,1038240,31.32847962435335,33140.45279085037,inserts,20.310607029125094,51118.11766685161,inserts
psycopg3,regular,16,322,1038240,35.1572555070743,29531.315372187873,inserts,20.83110911678523,49840.84112753315,inserts
psycopg3,regular,16,328,1038240,29.439702563919127,35266.66065140386,inserts,20.576708406209946,50457.049762471455,inserts
psycopg3,regular,16,324,1038240,31.203382497653365,33273.31580408247,inserts,20.47154810698703,50716.24259064434,inserts
psycopg3,regular,16,325,1038240,31.07039086986333,33415.736684762436,inserts,20.996381990145892,49448.519296670784,inserts
psycopg3,regular,16,326,1038240,30.56697390601039,33966.07080545355,inserts,20.70201865117997,50151.630983137125,inserts
psycopg3,regular,16,327,1038240,29.40648584580049,35306.49685393367,inserts,20.907064836937934,49659.76850876125,inserts
psycopg3,regular,16,329,1038240,28.848424101714045,35989.48754841386,inserts,19.848963571246713,52307.01322380371,inserts
psycopg3,regular,16,330,1038240,29.049101628363132,35740.86432284973,inserts,21.27828453294933,48793.40711852452,inserts
psycopg3,regular,16,332,1038240,28.604069702792913,36296.93294652494,inserts,20.76360840117559,50002.86944061309,inserts
psycopg3,regular,16,331,1038240,29.71823145262897,34936.13008751751,inserts,20.725457512307912,50094.91343597294,inserts
psycopg3,regular,16,333,1038240,30.84870415367186,33655.87075645187,inserts,21.479303452186286,48336.76298261534,inserts
psycopg3,regular,16,334,1038240,29.871640529017895,34756.711771200964,inserts,21.952301999088377,47295.267714662245,inserts
psycopg3,regular,16,335,1038240,30.95926574897021,33535.67905706984,inserts,23.41732921684161,44336.39679341843,inserts
psycopg3,regular,16,337,1038240,32.921813051681966,31536.537746877115,inserts,23.96332730120048,43326.20370076854,inserts
psycopg3,regular,16,336,1038240,36.079650266095996,28776.332152410938,inserts,26.566155929118395,39081.30339858524,inserts
psycopg3,regular,16,338,1038240,31.613155747763813,32842.02337419101,inserts,23.563705977983773,44060.9809412007,inserts
psycopg3,regular,16,340,1038240,34.18759937910363,30368.906236645555,inserts,25.322879537940025,41000.076568877404,inserts
psycopg3,regular,16,339,1038240,37.51543037034571,27675.01238159013,inserts,26.974169313907623,38490.15656117697,inserts
psycopg3,regular,16,342,1038240,35.794362338259816,29005.685034658316,inserts,25.745061076711863,40327.73497434651,inserts
psycopg3,regular,16,341,1038240,36.16346249496564,28709.640293556917,inserts,26.250320609193295,39551.516930288126,inserts
psycopg3,regular,16,343,1038240,39.07857987610623,26568.007417147976,inserts,23.870935638900846,43493.896330902535,inserts
psycopg3,regular,16,344,1038240,39.02224808279425,26606.360499711507,inserts,26.04279534611851,39866.688126270674,inserts
psycopg3,regular,16,345,1038240,42.05581958126277,24687.18979531122,inserts,25.90064298082143,40085.49134354627,inserts
psycopg3,regular,16,349,1038240,34.43322399677709,30152.273864834096,inserts,23.151085854973644,44846.27660680333,inserts
psycopg3,regular,16,346,1038240,34.28389859292656,30283.603750193368,inserts,22.6271631391719,45884.67381501352,inserts
psycopg3,regular,16,348,1038240,39.85565880918875,26050.00220848521,inserts,26.434276699088514,39276.27798629345,inserts
psycopg3,regular,16,347,1038240,39.015117791015655,26611.223002358445,inserts,25.918890646193177,40057.26997241261,inserts
psycopg3,regular,16,350,1038240,37.298098754603416,27836.271409728575,inserts,27.590034337248653,37630.978900171096,inserts
psycopg3,regular,16,351,1038240,35.799213086254895,29001.754801102936,inserts,25.58975746994838,40572.48300298543,inserts
psycopg3,regular,16,354,1038240,35.76096450723708,29032.7739843227,inserts,23.59360080398619,44005.15244051205,inserts
psycopg3,regular,16,352,1038240,38.464534079190344,26992.137688772815,inserts,26.071043173782527,39823.49279541186,inserts
psycopg3,regular,16,355,1038240,35.07584723783657,29599.855221174617,inserts,22.911694693844765,45314.84963785431,inserts
psycopg3,regular,16,353,1038240,42.853318695910275,24227.761853578097,inserts,30.57540240464732,33956.70762593765,inserts
psycopg3,regular,16,357,1038240,37.78173546632752,27479.94466599656,inserts,25.289426868315786,41054.31117147117,inserts
psycopg3,regular,16,356,1038240,40.367882285732776,25719.456687153124,inserts,26.739410570356995,38828.081018022924,inserts
psycopg3,regular,16,358,1038240,40.157544986810535,25854.17012770583,inserts,27.14963766373694,38241.39433679257,inserts
psycopg3,regular,16,360,1038240,38.31159692024812,27099.88837482465,inserts,27.449207524769008,37824.04279114929,inserts
psycopg3,regular,16,359,1038240,43.30611617816612,23974.442679841493,inserts,28.837177477777004,36003.52360421217,inserts
psycopg3,regular,16,363,1038240,41.73476330889389,24877.102867832626,inserts,31.727421985007823,32723.742902609614,inserts
psycopg3,regular,16,362,1038240,44.77145207487047,23189.777232683242,inserts,29.89739137282595,34726.77555887592,inserts
psycopg3,regular,16,361,1038240,41.91684742597863,24769.038316477356,inserts,26.70973991882056,38871.21339090322,inserts
psycopg3,regular,16,364,1038240,42.255615008063614,24570.46240604647,inserts,29.015921029727906,35781.73510109446,inserts
psycopg3,regular,16,365,1038240,40.96371081518009,25345.36005989123,inserts,26.751014064997435,38811.23898620699,inserts
psycopg3,regular,16,366,1038240,44.41788372816518,23374.368899562334,inserts,29.538512045051903,35148.68990071283,inserts
psycopg3,regular,16,367,1038240,41.50666674412787,25013.812995399934,inserts,26.911016065161675,38580.48308120478,inserts
psycopg3,regular,16,368,1038240,41.72613473981619,24882.247216857202,inserts,28.260311122983694,36738.44903836231,inserts
psycopg3,regular,16,369,1038240,42.00568633293733,24716.65363995968,inserts,28.50324344728142,36425.32829361303,inserts
psycopg3,regular,16,370,1038240,40.724410203285515,25494.291871076333,inserts,25.839191680774093,40180.82348808584,inserts
psycopg3,regular,16,371,1038240,44.46602023206651,23349.06507444255,inserts,32.80737014487386,31646.547571940166,inserts
psycopg3,regular,16,374,1038240,39.45786818489432,26312.62274826773,inserts,24.809746268205345,41848.07005989194,inserts
psycopg3,regular,16,373,1038240,39.19597093388438,26488.4368281449,inserts,24.796416877768934,41870.565619132954,inserts
psycopg3,regular,16,372,1038240,41.63860251009464,24934.5544137389,inserts,28.76425790693611,36094.79526150551,inserts
psycopg3,regular,16,375,1038240,43.325297960080206,23963.828268570272,inserts,30.41573883406818,34134.9590639266,inserts
psycopg3,regular,16,376,1038240,43.42554805800319,23908.50654580641,inserts,29.14338921336457,35625.231931634225,inserts
psycopg3,regular,16,377,1038240,40.11751101491973,25879.970460128443,inserts,27.640165678225458,37562.727086614796,inserts
psycopg3,regular,16,378,1038240,41.850757729262114,24808.152978173224,inserts,27.547631884925067,37688.9020565197,inserts
psycopg3,regular,16,380,1038240,43.92866875603795,23634.679342685406,inserts,31.34270771732554,33125.408607440906,inserts
psycopg3,regular,16,381,1038240,43.34413514891639,23953.413684064613,inserts,31.211750207003206,33264.39539962237,inserts
psycopg3,regular,16,379,1038240,49.47945317439735,20983.25533915211,inserts,33.77973701991141,30735.585637863645,inserts
psycopg3,regular,16,383,1038240,40.68775535188615,25517.259210315973,inserts,24.690051174722612,42050.945648218745,inserts
psycopg3,regular,16,382,1038240,46.56788197904825,22295.19479685856,inserts,29.176448971033096,35584.86507493709,inserts
psycopg3,regular,16,385,1038240,41.56173011474311,24980.673257192127,inserts,29.053783207200468,35735.10522177678,inserts
psycopg3,regular,16,386,1038240,41.80573382601142,24834.870841425338,inserts,29.133129619061947,35637.777800592856,inserts
psycopg3,regular,16,384,1038240,44.6602807729505,23247.50274809811,inserts,28.529605030082166,36391.67099948491,inserts
psycopg3,regular,16,389,1038240,35.7587402719073,29034.57985670876,inserts,23.664737198967487,43872.87258974079,inserts
psycopg3,regular,16,390,1038240,42.090763879939914,24666.694169806124,inserts,30.748453890904784,33765.60017240755,inserts
psycopg3,regular,16,388,1038240,40.94370672479272,25357.743180866244,inserts,27.9799909661524,37106.51662668392,inserts
psycopg3,regular,16,387,1038240,50.765996928326786,20451.484513656327,inserts,34.15523633174598,30397.681629712388,inserts
psycopg3,regular,16,391,1038240,50.46727001387626,20572.541366206853,inserts,36.306219121906906,28596.75353453518,inserts
psycopg3,regular,16,393,1038240,40.307244506664574,25758.148757311676,inserts,30.46299605164677,34082.00553352581,inserts
psycopg3,regular,16,392,1038240,46.29126289486885,22428.422451077342,inserts,29.72685541259125,34925.99488206338,inserts
psycopg3,regular,16,394,1038240,45.557813280727714,22789.504702571092,inserts,27.09308350784704,38321.2194986699,inserts
psycopg3,regular,16,396,1038240,43.27391417790204,23992.283104591,inserts,28.65411767316982,36233.535851363944,inserts
psycopg3,regular,16,395,1038240,47.06404168903828,22060.153840162377,inserts,30.008353849872947,34598.36568157489,inserts
psycopg3,regular,16,397,1038240,43.75554905179888,23728.190423822733,inserts,29.16188720986247,35602.63410006161,inserts
psycopg3,regular,16,399,1038240,46.909277288243175,22132.935317257874,inserts,30.374571891967207,34181.22249402207,inserts
psycopg3,regular,16,398,1038240,48.74321488197893,21300.19537106594,inserts,31.0772577309981,33408.353111040575,inserts
psycopg3,regular,16,402,1038240,39.67631259467453,26167.754312414498,inserts,27.032291776966304,38407.39840210901,inserts
psycopg3,regular,16,400,1038240,43.30415642587468,23975.527655808135,inserts,28.80792585015297,36040.081656711394,inserts
psycopg3,regular,16,401,1038240,45.49505857285112,22820.939956313472,inserts,30.618498565163463,33908.91286815968,inserts
psycopg3,regular,16,403,1038240,57.987547758966684,17904.533647733977,inserts,28.896341369953007,35929.80809257682,inserts
psycopg3,regular,16,404,1038240,68.33171100309119,15194.116827442418,inserts,29.03223188687116,35761.632245349654,inserts
psycopg3,regular,16,405,1038240,61.16197179118171,16975.253897057857,inserts,27.538537787739187,37701.348125398625,inserts
psycopg3,regular,16,406,1038240,59.90909264795482,17330.257463604627,inserts,30.57036234298721,33962.3059861497,inserts
psycopg3,regular,16,408,1038240,56.97074542241171,18224.090141386267,inserts,30.296994837000966,34268.74531899195,inserts
psycopg3,regular,16,409,1038240,57.221145341172814,18144.341463451037,inserts,40.12608054513112,25874.443401773504,inserts
psycopg3,regular,16,407,1038240,56.59156458824873,18346.197132983863,inserts,25.047361914999783,41451.071914213964,inserts
psycopg3,regular,16,410,1038240,45.537921929731965,22799.45935174805,inserts,32.49220586987212,31953.509224890495,inserts
psycopg3,regular,16,411,1038240,43.9352692225948,23631.128666580684,inserts,29.01947930455208,35777.347660305495,inserts
psycopg3,regular,16,412,1038240,46.50379128428176,22325.92163621989,inserts,32.375189853366464,32069.001130260272,inserts
psycopg3,regular,16,413,1038240,46.386834411881864,22382.212823172464,inserts,31.06052966695279,33426.34562683094,inserts
psycopg3,regular,16,414,1038240,47.6661228928715,21781.50722124852,inserts,33.94972331402823,30581.69253388268,inserts
psycopg3,regular,16,415,1038240,44.349287315271795,23410.52275810708,inserts,31.893148525152355,32553.700340410032,inserts
psycopg3,regular,16,416,1038240,44.491681806277484,23335.59797808118,inserts,31.629642095882446,32824.90509543762,inserts
psycopg3,regular,16,418,1038240,43.37333084596321,23937.290029378266,inserts,31.978770268149674,32466.53924757294,inserts
psycopg3,regular,16,417,1038240,48.176488992758095,21550.76099788153,inserts,33.04474848695099,31419.213265006074,inserts
psycopg3,regular,16,419,1038240,44.31427754694596,23429.017857734503,inserts,30.908850149717182,33590.37929172205,inserts
psycopg3,regular,16,425,1038240,34.237722208257765,30324.447218909554,inserts,23.668463985901326,43865.96445880273,inserts
psycopg3,regular,16,420,1038240,43.48265519971028,23877.106750530675,inserts,28.1408732063137,36894.37752653176,inserts
psycopg3,regular,16,427,1038240,36.08390922378749,28772.93570275263,inserts,23.17551684193313,44799.00090605261,inserts
psycopg3,regular,16,423,1038240,37.92362593440339,27377.129017036685,inserts,26.742840371560305,38823.10127027932,inserts
psycopg3,regular,16,426,1038240,41.02155708381906,25309.619473453226,inserts,26.469588967971504,39223.880705374075,inserts
psycopg3,regular,16,421,1038240,45.74510262766853,22696.2000380786,inserts,30.77885663509369,33732.24718218451,inserts
psycopg3,regular,16,424,1038240,42.612437460105866,24364.717483528355,inserts,26.940032271202654,38538.92933564964,inserts
psycopg3,regular,16,422,1038240,47.7986481632106,21721.116389210078,inserts,30.133563281968236,34454.60433221574,inserts
psycopg3,regular,16,428,1038240,44.003862330224365,23594.29252388324,inserts,29.442090396769345,35263.80043021419,inserts
psycopg3,regular,16,429,1038240,39.925988365896046,26004.115176440897,inserts,25.092442244756967,41376.602160634204,inserts
psycopg3,regular,16,430,1038240,46.54957790765911,22303.96163977185,inserts,30.581933460198343,33949.45585606105,inserts
psycopg3,regular,16,433,1038240,37.605877676047385,27608.45017217334,inserts,27.403856238815933,37886.63868880595,inserts
psycopg3,regular,16,431,1038240,41.486031212843955,25026.25509471641,inserts,27.11116984207183,38295.654744814135,inserts
psycopg3,regular,16,432,1038240,39.95358179695904,25986.155766365428,inserts,27.842697193380445,37289.490769839635,inserts
psycopg3,regular,16,434,1038240,46.93580938037485,22120.423908874076,inserts,30.715072915889323,33802.29644393598,inserts
psycopg3,regular,16,435,1038240,46.40638741897419,22372.782234186463,inserts,32.51128170778975,31934.76065729012,inserts
psycopg3,regular,16,436,1038240,37.79898120602593,27467.406974304464,inserts,25.968073172029108,39981.40305297335,inserts
psycopg3,regular,16,439,1038240,38.575397117994726,26914.564141082552,inserts,26.107199999969453,39768.3397683863,inserts
psycopg3,regular,16,442,1038240,39.17735795304179,26501.021361482326,inserts,28.63242060597986,36260.99288940888,inserts
psycopg3,regular,16,438,1038240,43.46784120518714,23885.244153236297,inserts,25.914984988048673,40063.307020197375,inserts
psycopg3,regular,16,443,1038240,40.515893128700554,25625.49952192795,inserts,25.328132963739336,40991.572552401776,inserts
psycopg3,regular,16,437,1038240,45.34625201066956,22895.828298129505,inserts,27.35867334716022,37949.20853162521,inserts
psycopg3,regular,16,445,1038240,39.98307709163055,25966.98592308518,inserts,25.889045209623873,40103.44883688679,inserts
psycopg3,regular,16,441,1038240,44.026398645248264,23582.215033435547,inserts,25.262129438109696,41098.6731163582,inserts
psycopg3,regular,16,440,1038240,47.2075475868769,21993.09333087698,inserts,28.52626045420766,36395.93775940787,inserts
psycopg3,regular,16,444,1038240,44.54123110789806,23309.638601702212,inserts,27.26858164416626,38074.58758024978,inserts
psycopg3,regular,16,448,1038240,33.72871824679896,30782.076935240035,inserts,22.936736029107124,45265.37684710044,inserts
psycopg3,regular,16,446,1038240,38.364623099099845,27062.43190029828,inserts,28.409616434946656,36545.371965066784,inserts
psycopg3,regular,16,449,1038240,40.06241591507569,25915.561412992694,inserts,29.67665982618928,34985.06927938589,inserts
psycopg3,regular,16,447,1038240,43.56726712780073,23830.73505515998,inserts,30.74051553197205,33774.319722132364,inserts
psycopg3,regular,16,450,1038240,39.130878132767975,26532.49938519994,inserts,26.907836202997714,38585.04237082925,inserts
psycopg3,regular,16,452,1038240,35.08768948633224,29589.865140719146,inserts,24.91818039584905,41665.96370628063,inserts
psycopg3,regular,16,451,1038240,41.41540267597884,25068.934090122584,inserts,28.12816046969965,36911.05222179096,inserts
psycopg3,regular,16,453,1038240,40.04306957498193,25928.08221297477,inserts,23.045653709210455,45051.44497528641,inserts
psycopg3,regular,16,455,1038240,35.89825920574367,28921.73667947339,inserts,25.983348343055695,39957.89866233617,inserts
psycopg3,regular,16,454,1038240,37.90839976584539,27388.12522852602,inserts,24.796114166732877,41871.07677512351,inserts
psycopg3,regular,16,457,1038240,37.308760318905115,27828.31675792515,inserts,21.40020692208782,48515.41874244217,inserts
psycopg3,regular,16,458,1038240,35.33556676981971,29382.29367490339,inserts,23.167971276212484,44813.5914716885,inserts
psycopg3,regular,16,456,1038240,38.82812873600051,26739.37770885592,inserts,23.747660220135003,43719.67555438174,inserts
psycopg3,regular,16,459,1038240,32.23124552099034,32212.220881251844,inserts,20.071151737123728,51727.973242296044,inserts
psycopg3,regular,16,461,1038240,34.07552938302979,30468.785629991173,inserts,23.4918766701594,44195.70282006572,inserts
psycopg3,regular,16,460,1038240,35.50811732187867,29239.511365483697,inserts,21.76342767244205,47705.72060735965,inserts
psycopg3,regular,16,464,1038240,28.845771433319896,35992.79715572882,inserts,18.837455968838185,55115.72272378531,inserts
psycopg3,regular,16,463,1038240,30.23418083321303,34339.94146318879,inserts,20.15071703866124,51523.72483857665,inserts
psycopg3,regular,16,462,1038240,33.54701246134937,30948.806579906064,inserts,20.876977919135243,49731.33582942476,inserts
psycopg3,regular,16,465,1038240,28.58861465519294,36316.555122457125,inserts,20.36192997172475,50989.2726986948,inserts
psycopg3,regular,16,466,1038240,27.112608495168388,38293.622695323465,inserts,19.09555959701538,54370.75539604904,inserts
psycopg3,regular,16,467,1038240,25.451105514075607,40793.51285647716,inserts,17.946126963943243,57853.15138391682,inserts
psycopg3,regular,16,468,1038240,26.988052858039737,38470.35595569869,inserts,19.051090546883643,54497.66759781813,inserts
psycopg3,regular,16,469,1038240,27.857896394096315,37269.14571410443,inserts,20.488953144289553,50673.15995543513,inserts
psycopg3,regular,16,470,1038240,27.712642104830593,37464.48989138514,inserts,19.577159387990832,53033.230175205346,inserts
psycopg3,regular,16,471,1038240,28.333134416025132,36644.02196930159,inserts,20.299946406390518,51144.962612963216,inserts
psycopg3,regular,16,472,1038240,26.675642615184188,38920.899300435885,inserts,18.95818221801892,54764.744217575804,inserts
psycopg3,regular,16,474,1038240,27.440769432112575,37835.673761574595,inserts,19.60483155027032,52958.37392623169,inserts
psycopg3,regular,16,476,1038240,28.298481171950698,36688.89484532116,inserts,20.528362792916596,50575.87935645065,inserts
psycopg3,regular,16,473,1038240,29.877163073047996,34750.28728335288,inserts,21.76718537788838,47697.48508939831,inserts
psycopg3,regular,16,475,1038240,30.214172980282456,34362.681403775234,inserts,22.178297494072467,46813.33182934747,inserts
psycopg3,regular,16,477,1038240,32.36697878269479,32077.13660797719,inserts,24.896419433876872,41702.382254504184,inserts
psycopg3,regular,16,479,1038240,30.318110872991383,34244.877734941816,inserts,24.065969304181635,43141.41628276731,inserts
psycopg3,regular,16,478,1038240,32.02201855927706,32422.690595787342,inserts,24.370998212136328,42601.45567131406,inserts
psycopg3,regular,16,481,1038240,32.28300506900996,32160.574821972117,inserts,23.667681584134698,43867.41457160594,inserts
psycopg3,regular,16,480,1038240,32.26868033921346,32174.851561509713,inserts,22.377457823604345,46396.691178424946,inserts
psycopg3,regular,16,482,1038240,32.45756455184892,31987.612574611903,inserts,23.143952374346554,44860.09922621583,inserts
psycopg3,regular,16,483,1038240,35.63691715709865,29133.833193907154,inserts,22.96148486994207,45216.58794632733,inserts
psycopg3,regular,16,486,1038240,31.887797170318663,32559.16344595918,inserts,23.331321279983968,44499.83725914015,inserts
psycopg3,regular,16,484,1038240,34.33595083421096,30237.694741965304,inserts,24.582301686983556,42235.26393990002,inserts
psycopg3,regular,16,485,1038240,37.06433738814667,28011.832212924804,inserts,26.414325733669102,39305.94369390259,inserts
psycopg3,regular,16,489,1038240,32.058758297003806,32385.533787097218,inserts,23.371828930918127,44422.71090845325,inserts
psycopg3,regular,16,487,1038240,35.57971446122974,29180.67263106741,inserts,25.63419699575752,40502.14641682864,inserts
psycopg3,regular,16,488,1038240,37.45989120705053,27716.044188739852,inserts,26.87913566501811,38626.24203914484,inserts
psycopg3,regular,16,491,1038240,37.09190684603527,27991.011740367743,inserts,25.22480992367491,41159.47763893963,inserts
psycopg3,regular,16,492,1038240,38.48076160810888,26980.754969808506,inserts,25.84860905772075,40166.18448140005,inserts
psycopg3,regular,16,493,1038240,34.18906889297068,30367.600920932466,inserts,23.136952752247453,44873.670751613936,inserts
psycopg3,regular,16,490,1038240,41.0572843295522,25287.59553764972,inserts,29.76686834730208,34879.04699568777,inserts
psycopg3,regular,16,496,1038240,36.001060381066054,28839.150541966785,inserts,26.45269472990185,39248.931369792896,inserts
psycopg3,regular,16,494,1038240,38.20874188002199,27172.83922250419,inserts,26.945252507925034,38531.46299870958,inserts
psycopg3,regular,16,497,1038240,38.82741505280137,26739.869202935562,inserts,25.04586957488209,41453.541746509225,inserts
psycopg3,regular,16,498,1038240,36.319700215011835,28586.13903346233,inserts,27.166887313127518,38217.112915188634,inserts
psycopg3,regular,16,495,1038240,45.47471753926948,22831.147859322773,inserts,30.6716141179204,33850.191124874356,inserts
psycopg3,regular,16,499,1038240,43.91526992013678,23641.890437838993,inserts,32.5434680939652,31903.17629953303,inserts
psycopg3,regular,16,503,1038240,38.8196584591642,26745.21212215615,inserts,27.908312641084194,37201.81916235213,inserts
psycopg3,regular,16,502,1038240,39.39601421775296,26353.93505194085,inserts,29.540543172042817,35146.273172884336,inserts
psycopg3,regular,16,501,1038240,43.845057358033955,23679.750069017937,inserts,30.9292597649619,33568.21365560667,inserts
psycopg3,regular,16,500,1038240,47.67999269999564,21775.171119103277,inserts,31.940785240847617,32505.1495187489,inserts
psycopg3,regular,16,504,1038240,42.71704282006249,24305.05324007073,inserts,30.547068694140762,33988.203922137545,inserts
psycopg3,regular,16,506,1038240,42.476036817301065,24442.958378289917,inserts,26.930560543667525,38552.483833988845,inserts
psycopg3,regular,16,507,1038240,39.11867358814925,26540.7771983999,inserts,28.31820007832721,36663.34714523742,inserts
psycopg3,regular,16,505,1038240,41.72103059384972,24885.291308049604,inserts,28.31260052230209,36670.59827945402,inserts
psycopg3,regular,16,509,1038240,48.06947352224961,21598.738740490604,inserts,30.772358464077115,33739.37039021613,inserts
psycopg3,regular,16,510,1038240,42.71931154699996,24303.762453140756,inserts,25.857600026298314,40152.21826248625,inserts
psycopg3,regular,16,512,1038240,36.187062236946076,28690.91702448239,inserts,23.609765924979,43975.02301797697,inserts
psycopg3,regular,16,508,1038240,49.73081281129271,20877.197481965144,inserts,31.868742619641125,32578.630804220025,inserts
psycopg3,regular,16,511,1038240,41.74331687903032,24872.005332225002,inserts,30.446335222106427,34100.65587289981,inserts
psycopg3,regular,16,513,1038240,38.54858220927417,26933.286271426503,inserts,24.933027814142406,41641.15195873218,inserts
psycopg3,regular,16,514,1038240,40.098423019982874,25892.290065437177,inserts,26.752471503801644,38809.124601906835,inserts
psycopg3,regular,16,516,1038240,35.55641145678237,29199.79709600183,inserts,24.82025513984263,41830.351628149416,inserts
psycopg3,regular,16,518,1038240,38.63596181990579,26872.37358913333,inserts,27.327392025850713,37992.64851244725,inserts
psycopg3,regular,16,515,1038240,42.93671179423109,24180.705895123912,inserts,29.81743659870699,34819.89461310777,inserts
psycopg3,regular,16,519,1038240,40.13536182884127,25868.45994880058,inserts,29.268487900029868,35472.96339825401,inserts
psycopg3,regular,16,520,1038240,41.46411249227822,25039.48445039911,inserts,28.068109512794763,36990.02241411099,inserts
psycopg3,regular,16,517,1038240,44.746089451014996,23202.92147845892,inserts,27.780950289219618,37372.371686035825,inserts
psycopg3,regular,16,521,1038240,41.21537538943812,25190.599143883086,inserts,25.56139123113826,40617.50749838849,inserts
psycopg3,regular,16,522,1038240,38.55627632280812,26927.911588438976,inserts,28.376982813701034,36587.399260033904,inserts
psycopg3,regular,16,523,1038240,47.33929419796914,21931.88592246778,inserts,32.998688452877104,31463.068645368465,inserts
psycopg3,regular,16,525,1038240,39.067379091866314,26575.624578208724,inserts,25.058100851252675,41433.30758237001,inserts
psycopg3,regular,16,526,1038240,39.57914277072996,26231.998151506497,inserts,28.268043344840407,36728.39988727071,inserts
psycopg3,regular,16,528,1038240,38.78092622803524,26771.9237517706,inserts,23.732499802019447,43747.603862263764,inserts
psycopg3,regular,16,524,1038240,43.1694981623441,24050.314323682276,inserts,28.174273852724582,36850.63918336257,inserts
psycopg3,regular,16,529,1038240,34.841401351150125,29799.031030240905,inserts,24.43065455276519,42497.428702027406,inserts
psycopg3,regular,16,527,1038240,42.61717444984242,24362.009293270705,inserts,28.456780910957605,36484.80139931126,inserts
psycopg3,regular,16,530,1038240,44.59584949631244,23281.090319534116,inserts,31.793591026216745,32655.638022891955,inserts
psycopg3,regular,16,531,1038240,40.803875552956015,25444.64186134852,inserts,28.723932300228626,36145.468842778755,inserts
psycopg3,regular,16,532,1038240,39.80845074309036,26080.894398539476,inserts,24.104088785126805,43073.1901651738,inserts
psycopg3,regular,16,533,1038240,41.53449943987653,24997.050981748547,inserts,25.031716337893158,41476.98008339549,inserts
psycopg3,regular,16,534,1038240,41.541422890964895,24992.884878428496,inserts,28.699639473110437,36176.06419665162,inserts
psycopg3,regular,16,536,1038240,38.991444882936776,26627.379496119902,inserts,26.24118954408914,39565.27954861196,inserts
psycopg3,regular,16,535,1038240,40.66965515911579,25528.615768636202,inserts,26.414455984253436,39305.749874952206,inserts
psycopg3,regular,16,537,1038240,38.59826423274353,26898.618905231604,inserts,25.747297377791256,40324.23227827984,inserts
psycopg3,regular,16,539,1038240,35.7002181801945,29082.175205752304,inserts,26.46494471700862,39230.76398239135,inserts
psycopg3,regular,16,538,1038240,43.602678089402616,23811.38144476356,inserts,28.23514031386003,36771.2003007242,inserts
psycopg3,regular,16,543,1038240,35.92171820066869,28902.8490842254,inserts,23.78426987864077,43652.38055646102,inserts
psycopg3,regular,16,541,1038240,38.88406647183001,26700.91104674364,inserts,24.263373397290707,42790.42254346759,inserts
psycopg3,regular,16,542,1038240,37.77164837811142,27487.283308547834,inserts,25.91624924680218,40061.35263296671,inserts
psycopg3,regular,16,544,1038240,37.89566484000534,27397.329071370732,inserts,24.042074497789145,43184.293439215246,inserts
psycopg3,regular,16,545,1038240,41.875498690176755,24793.495778560187,inserts,27.454886245075613,37816.219332768924,inserts
psycopg3,regular,16,540,1038240,48.04778991220519,21608.486090559272,inserts,30.55760685587302,33976.4826773552,inserts
psycopg3,regular,16,546,1038240,41.816162508912385,24828.677183821383,inserts,29.58050354011357,35098.793994228734,inserts
psycopg3,regular,16,547,1038240,39.944543957710266,25992.03538533814,inserts,27.209023321047425,38157.92973343787,inserts
psycopg3,regular,16,548,1038240,39.28253810899332,26430.06409410969,inserts,27.27675779769197,38063.17479887037,inserts
psycopg3,regular,16,549,1038240,43.51951862080023,23856.88153048116,inserts,27.086003951728344,38331.235639273786,inserts
psycopg3,regular,16,551,1038240,57.15911259595305,18164.032869773928,inserts,32.89475787803531,31562.475816040587,inserts
psycopg3,regular,16,550,1038240,63.990459552034736,16224.918640500475,inserts,32.55078226607293,31896.007644711448,inserts
psycopg3,regular,16,552,1038240,58.96916817501187,17606.488816641526,inserts,31.187172670848668,33290.60992343386,inserts
psycopg3,regular,16,553,1038240,56.11460116831586,18502.136313609306,inserts,31.068918609060347,33417.32015407924,inserts
psycopg3,regular,16,556,1038240,46.86359535576776,22154.510171875198,inserts,26.5196506078355,39149.8370530282,inserts
psycopg3,regular,16,554,1038240,51.27666740771383,20247.805727012044,inserts,32.128675857093185,32315.05725969044,inserts
psycopg3,regular,16,557,1038240,46.258906359318644,22444.110371642008,inserts,29.18780698021874,35571.017743938064,inserts
psycopg3,regular,16,559,1038240,45.381844067014754,22877.871566145375,inserts,29.454813660122454,35248.567924421346,inserts
psycopg3,regular,16,558,1038240,46.074943842832,22533.722526967806,inserts,26.564115442335606,39084.30537631764,inserts
psycopg3,regular,16,555,1038240,45.47015535272658,22833.4385916661,inserts,28.49440403515473,36436.62800313634,inserts
psycopg3,regular,16,561,1038240,39.957554816268384,25983.57193712187,inserts,28.789612547960132,36063.00704014038,inserts
psycopg3,regular,16,560,1038240,49.69175823498517,20893.60563758506,inserts,33.21080507617444,31262.114773147656,inserts
psycopg3,regular,16,562,1038240,43.94822678808123,23624.161334344688,inserts,32.77119889110327,31681.477490341727,inserts
psycopg3,regular,16,564,1038240,37.612705311737955,27603.43855606664,inserts,25.53470922773704,40659.949981815866,inserts
psycopg3,regular,16,563,1038240,42.66770405694842,24333.158367609023,inserts,30.69069331511855,33829.14779212734,inserts
psycopg3,regular,16,565,1038240,40.48357937904075,25645.953641577453,inserts,29.19041661778465,35567.837677501266,inserts
psycopg3,regular,16,566,1038240,33.725461731199175,30785.049238911735,inserts,16.559698834083974,62696.79239957216,inserts
psycopg3,regular,16,569,1038240,31.515459927730262,32943.831452272694,inserts,15.926936600822955,65187.67707949271,inserts
psycopg3,regular,16,568,1038240,33.17181905172765,31298.856369045774,inserts,16.358536916784942,63467.77864557661,inserts
psycopg3,regular,16,574,1038240,27.704410526901484,37475.621399410404,inserts,14.90700559085235,69647.79034074514,inserts
psycopg3,regular,16,567,1038240,32.68616479821503,31763.897857380245,inserts,18.73366988170892,55421.06840548691,inserts
psycopg3,regular,16,571,1038240,28.966165124904364,35843.19828058109,inserts,15.067863708827645,68904.26009041598,inserts
psycopg3,regular,16,573,1038240,29.060925329104066,35726.32282841382,inserts,14.971341400872916,69348.49538194784,inserts
psycopg3,regular,16,570,1038240,30.575615137349814,33956.47136896788,inserts,16.29834697768092,63702.16571176044,inserts
psycopg3,regular,16,572,1038240,28.758189714048058,36102.41153297738,inserts,15.95783295435831,65061.465611873195,inserts
psycopg3,regular,16,576,1038240,29.068285590037704,35717.2767132791,inserts,15.635582105256617,66402.38866776493,inserts
psycopg3,regular,16,578,1038240,22.893465477973223,45350.93216878567,inserts,13.656431648414582,76025.71643380447,inserts
psycopg3,regular,16,575,1038240,23.49629707587883,44187.38819342949,inserts,13.197284277994186,78670.7308965992,inserts
psycopg3,regular,16,577,1038240,22.03749006194994,47112.44325380917,inserts,13.533196604810655,76718.01646855084,inserts
psycopg3,regular,16,579,1038240,23.622134989127517,43951.99673856184,inserts,14.331362510100007,72445.31001628784,inserts
psycopg3,regular,16,580,1038240,20.520456759259105,50595.365014549796,inserts,14.067546191625297,73803.91618106687,inserts
psycopg3,regular,16,581,1038240,20.268091417849064,51225.34621516832,inserts,13.398434844333678,77489.64801206473,inserts
psycopg3,regular,16,582,1038240,27.103878306690603,38305.957112555,inserts,20.80744985397905,49897.51301990788,inserts
psycopg3,regular,16,583,1038240,31.24964032927528,33224.062391123145,inserts,24.354548749979585,42630.22939404165,inserts
psycopg3,regular,16,584,1038240,31.50056842667982,32959.405237927356,inserts,24.071725437883288,43131.10012321975,inserts
psycopg3,regular,16,586,1038240,31.044849880971014,33443.22823208079,inserts,24.891431889962405,41710.7382407629,inserts
psycopg3,regular,16,585,1038240,31.488020474091172,32972.53953624299,inserts,24.63561396067962,42143.865448497156,inserts
psycopg3,regular,16,587,1038240,31.31856556609273,33150.9435771879,inserts,25.32153899781406,41002.24714183559,inserts
psycopg3,regular,16,590,1038240,29.944063582923263,34672.64879146515,inserts,23.23706730781123,44680.33707726067,inserts
psycopg3,regular,16,588,1038240,31.103574051056057,33380.08674809346,inserts,23.923350957222283,43398.60255599197,inserts
psycopg3,regular,16,591,1038240,32.60881245927885,31839.245949128956,inserts,23.967434130143374,43318.779739305755,inserts
psycopg3,regular,16,592,1038240,31.520059612113982,32939.023998576995,inserts,24.004662826191634,43251.59688838328,inserts
psycopg3,regular,16,593,1038240,33.47316407877952,31017.085733409873,inserts,24.100794308818877,43079.07808748407,inserts
psycopg3,regular,16,589,1038240,36.62655314989388,28346.6477380771,inserts,26.34507493302226,39409.2635014151,inserts
psycopg3,regular,16,595,1038240,35.22721292171627,29472.66939076987,inserts,25.734885239973664,40343.68097306746,inserts
psycopg3,regular,16,594,1038240,41.11654102196917,25251.151341871224,inserts,29.144595447927713,35623.75747692263,inserts
psycopg3,regular,16,596,1038240,39.93895470537245,25995.672837685444,inserts,29.661617355886847,35002.81146314309,inserts
psycopg3,regular,16,597,1038240,43.65106118610129,23784.98876747997,inserts,29.102284627966583,35675.549644039864,inserts
psycopg3,regular,16,599,1038240,40.06863009929657,25911.542207134928,inserts,26.33595099998638,39422.91660553807,inserts
psycopg3,regular,16,600,1038240,39.54719352396205,26253.190365352213,inserts,25.369015481323004,40925.51406909605,inserts
psycopg3,regular,16,601,1038240,40.87096604099497,25402.873985376562,inserts,28.52780742989853,36393.96411908873,inserts
psycopg3,regular,16,605,1038240,37.22332784021273,27892.186439020614,inserts,24.298377671744674,42728.778605137726,inserts
psycopg3,regular,16,598,1038240,48.44776018708944,21430.09286684577,inserts,30.78289701184258,33727.81969158314,inserts
psycopg3,regular,16,604,1038240,38.903111446183175,26687.839645840533,inserts,26.424921576865017,39290.182829113015,inserts
psycopg3,regular,16,607,1038240,39.24369292287156,26456.22576959124,inserts,28.55263114720583,36362.32313047628,inserts
psycopg3,regular,16,602,1038240,44.18045458011329,23499.984548989618,inserts,29.792048609815538,34849.56719820646,inserts
psycopg3,regular,16,603,1038240,44.05027199070901,23569.434491096523,inserts,31.044641268905252,33443.452962038755,inserts
psycopg3,regular,16,608,1038240,41.62963359383866,24939.926450701772,inserts,27.366088040173054,37938.92639955983,inserts
psycopg3,regular,16,606,1038240,44.40009143995121,23383.73562595395,inserts,30.047449089121073,34553.34916852903,inserts
psycopg3,regular,16,609,1038240,46.69094326719642,22236.432321756813,inserts,30.75198517506942,33761.722831529565,inserts
psycopg3,regular,16,610,1038240,47.139012903906405,22025.068749667458,inserts,32.91809375677258,31540.100944830447,inserts
psycopg3,regular,16,612,1038240,44.397252826951444,23385.230704403726,inserts,31.45311443693936,33009.13180097243,inserts
psycopg3,regular,16,611,1038240,45.811892048455775,22663.111117564004,inserts,31.669612562283874,32783.47652526908,inserts
psycopg3,regular,16,613,1038240,39.624543603044,26201.942170010036,inserts,27.93963057268411,37160.11911106161,inserts
psycopg3,regular,16,622,1038240,32.22124370187521,32222.219899586824,inserts,23.21053446875885,44731.41285899559,inserts
psycopg3,regular,16,615,1038240,40.23969392711297,25801.389093082733,inserts,28.820371337234974,36024.518485597306,inserts
psycopg3,regular,16,618,1038240,38.54122029012069,26938.430910713356,inserts,24.611615276429802,42184.959757367404,inserts
psycopg3,regular,16,614,1038240,43.68204428302124,23768.118389174226,inserts,25.28097549220547,41068.03554000936,inserts
psycopg3,regular,16,616,1038240,42.589623571839184,24377.768877170773,inserts,27.76820958312601,37389.519007048635,inserts
psycopg3,regular,16,617,1038240,42.30451450217515,24542.061579423567,inserts,29.868848062120378,34759.96120910649,inserts
psycopg3,regular,16,619,1038240,42.54980095103383,24400.58418122339,inserts,25.735900812316686,40342.08895859278,inserts
psycopg3,regular,16,623,1038240,36.768453541677445,28237.249598304254,inserts,24.571311227045953,42254.155279153194,inserts
psycopg3,regular,16,620,1038240,40.172261198051274,25844.699029547388,inserts,26.42884944519028,39284.34350322983,inserts
psycopg3,regular,16,621,1038240,44.68864401988685,23232.74788865766,inserts,30.07375743985176,34523.122096615465,inserts
psycopg3,regular,16,624,1038240,43.81223383592442,23697.490611599023,inserts,26.238444195128977,39569.419294789725,inserts
psycopg3,regular,16,625,1038240,45.95592981111258,22592.07906939016,inserts,28.299313813913614,36687.815359308814,inserts
psycopg3,regular,16,627,1038240,40.00180035922676,25954.83179947727,inserts,27.3550443649292,37954.24295970383,inserts
psycopg3,regular,16,626,1038240,44.07009592605755,23558.83231436568,inserts,32.19125720625743,32252.23523728001,inserts
psycopg3,regular,16,629,1038240,45.83900703722611,22649.70528608614,inserts,29.976133476942778,34635.55434187667,inserts
psycopg3,regular,16,628,1038240,49.14233835134655,21127.19977989308,inserts,30.878929342143238,33622.927417467836,inserts
psycopg3,regular,16,631,1038240,37.76663100393489,27490.935050357715,inserts,26.5760550792329,39066.74624599582,inserts
psycopg3,regular,16,630,1038240,41.01673218002543,25312.59670914516,inserts,27.96627168310806,37124.719796922676,inserts
psycopg3,regular,16,634,1038240,38.76519216271117,26782.789974112366,inserts,26.43269541999325,39278.62760506416,inserts
psycopg3,regular,16,633,1038240,43.45166082587093,23894.138457921414,inserts,28.55888517573476,36354.36024940313,inserts
psycopg3,regular,16,638,1038240,43.71722072688863,23748.99370859187,inserts,28.144543250091374,36889.56650581385,inserts
psycopg3,regular,16,632,1038240,46.87528714677319,22148.98431979996,inserts,28.89763729972765,35928.19680139681,inserts
psycopg3,regular,16,635,1038240,40.296110754832625,25765.265693178248,inserts,27.33592537092045,37980.788501290845,inserts
psycopg3,regular,16,636,1038240,43.465465298853815,23886.54976684164,inserts,27.006055127829313,38444.71156878111,inserts
psycopg3,regular,16,639,1038240,37.689464970026165,27547.220445440016,inserts,25.15362372295931,41275.96132609444,inserts
psycopg3,regular,16,640,1038240,39.85860794503242,26048.074770493735,inserts,26.49277676921338,39189.55000619315,inserts
psycopg3,regular,16,637,1038240,44.13045368902385,23526.610610355714,inserts,29.98952393978834,34620.08940470456,inserts
psycopg3,regular,16,641,1038240,60.10476757586002,17273.837698309144,inserts,26.593190143816173,39041.57396631206,inserts
psycopg3,regular,16,643,1038240,57.74604494962841,17979.413151249606,inserts,25.434390551876277,40820.32152028151,inserts
psycopg3,regular,16,642,1038240,61.61192973610014,16851.28195865721,inserts,25.79411223717034,40251.04607026773,inserts
psycopg3,regular,16,644,1038240,56.41945774387568,18402.161975984265,inserts,27.60883294371888,37605.35630450123,inserts
psycopg3,regular,16,645,1038240,54.193547879811376,19158.000179330826,inserts,28.05960927112028,37001.22799174488,inserts
psycopg3,regular,16,646,1038240,56.493802450131625,18377.945101437956,inserts,27.93296020803973,37168.99291257971,inserts
psycopg3,regular,16,647,1038240,50.66800343710929,20491.03831945334,inserts,24.96978075383231,41579.86048158044,inserts
psycopg3,regular,16,650,1038240,46.05189726687968,22544.999481415452,inserts,32.04057961888611,32403.908179863767,inserts
psycopg3,regular,16,649,1038240,46.24823440704495,22449.289433670703,inserts,27.336649877019227,37979.78189246974,inserts
psycopg3,regular,16,648,1038240,46.203825091943145,22470.8668153331,inserts,27.713275271002203,37463.633938871266,inserts
psycopg3,regular,16,653,1038240,40.060383876785636,25916.875963878214,inserts,31.42223404115066,33041.571730396936,inserts
psycopg3,regular,16,651,1038240,41.26623050123453,25159.555098422177,inserts,28.672553247772157,36210.238796249185,inserts
psycopg3,regular,16,654,1038240,40.64870705921203,25541.771808082845,inserts,28.485521398019046,36447.9900330068,inserts
psycopg3,regular,16,655,1038240,43.47812452772632,23879.594883121204,inserts,31.361172608099878,33105.90496644396,inserts
psycopg3,regular,16,652,1038240,44.970755860209465,23087.00354575637,inserts,30.442498160991818,34104.95401886473,inserts
psycopg3,regular,16,656,1038240,42.5974551201798,24373.287020804957,inserts,31.751916117966175,32698.49908089588,inserts
psycopg3,regular,16,657,1038240,42.48471395811066,24437.96611232196,inserts,24.41244815196842,42529.12258274617,inserts
psycopg3,regular,16,659,1038240,37.7652379614301,27491.949105692427,inserts,23.35351970233023,44457.53844532495,inserts
psycopg3,regular,16,658,1038240,38.284856806043535,27118.816331477214,inserts,23.403849432244897,44361.93298054439,inserts
psycopg3,regular,16,660,1038240,37.26923646591604,27857.828559206067,inserts,24.018534572329372,43226.617214028855,inserts
psycopg3,regular,16,661,1038240,36.07553026312962,28779.618551057458,inserts,22.35062385816127,46452.3946440488,inserts
psycopg3,regular,16,662,1038240,36.5397382536903,28413.996640907622,inserts,23.035825087223202,45070.666931563865,inserts
psycopg3,regular,16,664,1038240,36.095354390796274,28763.812338818156,inserts,23.75189223513007,43711.88576143834,inserts
psycopg3,regular,16,663,1038240,36.96366681903601,28088.122455029657,inserts,24.773422522004694,41909.42931190859,inserts
psycopg3,regular,16,669,1038240,35.26343678124249,29442.3940139682,inserts,22.926182706840336,45286.21329054605,inserts
psycopg3,regular,16,666,1038240,34.13525079982355,30415.478886868666,inserts,23.361060563009232,44443.18772256374,inserts
psycopg3,regular,16,670,1038240,33.66781210107729,30837.762694023673,inserts,22.935182497370988,45268.44293124815,inserts
psycopg3,regular,16,665,1038240,35.081337246112525,29595.22303030369,inserts,23.939090056344867,43370.06952045041,inserts
psycopg3,regular,16,667,1038240,36.16290838085115,28710.080203332458,inserts,24.839539678767323,41797.87602454971,inserts
psycopg3,regular,16,668,1038240,37.67063710605726,27560.988604385882,inserts,27.091035404242575,38324.116613033075,inserts
psycopg3,regular,16,671,1038240,37.322785548865795,27817.8593781715,inserts,26.36146723711863,39384.75770946815,inserts
psycopg3,regular,16,672,1038240,37.40705249784514,27755.194025506513,inserts,26.933899477124214,38547.70457140115,inserts
psycopg3,regular,16,673,1038240,41.49161370797083,25022.88793362951,inserts,28.288382939994335,36701.99184599301,inserts
psycopg3,regular,16,676,1038240,43.012762201949954,24137.952246018092,inserts,26.98660509614274,38472.4197912689,inserts
psycopg3,regular,16,675,1038240,44.66227268008515,23246.465925209173,inserts,24.910841271281242,41678.23915272373,inserts
psycopg3,regular,16,674,1038240,47.27614800212905,21961.180085002772,inserts,29.521062675863504,35169.46565913658,inserts
psycopg3,regular,16,677,1038240,47.215703044086695,21989.294515652233,inserts,25.97205093316734,39975.27968321233,inserts
psycopg3,regular,16,678,1038240,44.94575402000919,23099.846084188302,inserts,26.39418670721352,39335.93451910566,inserts
psycopg3,regular,16,681,1038240,43.38524024467915,23930.71916035619,inserts,21.586006042081863,48097.82773042654,inserts
psycopg3,regular,16,684,1038240,39.3464378323406,26387.140925540763,inserts,20.97913018288091,49489.182389802314,inserts
psycopg3,regular,16,680,1038240,38.52184244291857,26951.981892830223,inserts,23.618445925880224,43958.8617836339,inserts
psycopg3,regular,16,683,1038240,39.709941358771175,26145.593885916744,inserts,21.730747720226645,47777.46322247449,inserts
psycopg3,regular,16,682,1038240,39.638407088350505,26192.77807218274,inserts,24.60318202478811,42199.419528496604,inserts
psycopg3,regular,16,685,1038240,40.17427205294371,25843.405417072754,inserts,25.138552024029195,41300.70813178011,inserts
psycopg3,regular,16,679,1038240,42.47113785101101,24445.77782780748,inserts,27.26898428471759,38074.025389418806,inserts
psycopg3,regular,16,686,1038240,38.28350204881281,27119.77599844987,inserts,23.64164096582681,43915.733324126726,inserts
psycopg3,regular,16,688,1038240,31.801635816693306,32647.377197339243,inserts,21.175133283250034,49031.09633889621,inserts
psycopg3,regular,16,687,1038240,37.644597658887506,27580.053037301677,inserts,23.185732982121408,44779.261488113836,inserts
psycopg3,regular,16,689,1038240,30.324384153820574,34237.793411847146,inserts,21.52378434315324,48236.8705914983,inserts
psycopg3,regular,16,690,1038240,30.709074801765382,33808.89872788725,inserts,20.993430866859853,49455.47045571105,inserts
psycopg3,regular,16,692,1038240,29.519899368751794,35170.85160185288,inserts,20.315708814188838,51105.28062278956,inserts
psycopg3,regular,16,691,1038240,30.080080357845873,34515.86523867756,inserts,21.141287781763822,49109.591180891606,inserts
psycopg3,regular,16,693,1038240,30.19544128002599,34383.99824568175,inserts,21.356588705908507,48614.505541924904,inserts
psycopg3,regular,16,694,1038240,31.601108664646745,32854.54352307313,inserts,21.947153199929744,47306.36317804186,inserts
psycopg3,regular,16,699,1038240,30.776462372858077,33734.871390404805,inserts,21.57412045588717,48124.3257227056,inserts
psycopg3,regular,16,695,1038240,32.16404833132401,32279.518713099184,inserts,22.419669758994132,46309.335113354544,inserts
psycopg3,regular,16,696,1038240,32.727954511065036,31723.339130436034,inserts,22.91243692720309,45313.38169303746,inserts
psycopg3,regular,16,700,1038240,31.118323294911534,33364.2654895154,inserts,22.54043469997123,46061.22347770539,inserts
psycopg3,regular,16,701,1038240,32.471206630114466,31974.173667975578,inserts,23.89471182320267,43450.618182046026,inserts
psycopg3,regular,16,698,1038240,33.388313902076334,31095.909875683614,inserts,23.65686298813671,43887.47571986404,inserts
psycopg3,regular,16,697,1038240,34.21608740882948,30343.621337958168,inserts,25.005724628921598,41520.09251510243,inserts
psycopg3,regular,16,702,1038240,31.56638333806768,32890.6859199143,inserts,23.178084787912667,44794.037535898584,inserts
psycopg3,regular,16,703,1038240,34.958473580889404,29699.237227782454,inserts,26.052605025004596,39851.67698214919,inserts
psycopg3,regular,16,704,1038240,37.47247088467702,27706.739787595638,inserts,28.884417852852494,35944.63995394209,inserts
psycopg3,regular,16,705,1038240,46.46041858289391,22346.763797394324,inserts,27.572087691165507,37655.4728691316,inserts
psycopg3,regular,16,707,1038240,41.2516446840018,25168.451050938336,inserts,29.218318088911474,35533.87285471501,inserts
psycopg3,regular,16,706,1038240,45.209789141081274,22964.937897853877,inserts,29.408463202416897,35304.12292726243,inserts
psycopg3,regular,16,708,1038240,48.133860593661666,21569.846822897827,inserts,32.03453783877194,32410.01962398848,inserts
psycopg3,regular,16,709,1038240,44.980577293317765,23081.962537511477,inserts,30.539028473198414,33997.15223132188,inserts
psycopg3,regular,16,710,1038240,44.82007914874703,23164.61772756652,inserts,28.815646610688418,36030.42520707801,inserts
psycopg3,regular,16,715,1038240,39.25622735032812,26447.778354618735,inserts,26.532657566014677,39130.64484463356,inserts
psycopg3,regular,16,716,1038240,40.10900960303843,25885.45591814735,inserts,25.76538364775479,40295.92627822069,inserts
psycopg3,regular,16,712,1038240,46.371303299907595,22389.709283889566,inserts,30.855024438817054,33648.97675121741,inserts
psycopg3,regular,16,713,1038240,41.61759004974738,24947.14371396674,inserts,27.070023191161454,38353.86444511774,inserts
psycopg3,regular,16,714,1038240,42.97662276821211,24158.250070034348,inserts,30.642770147882402,33882.0542330031,inserts
psycopg3,regular,16,711,1038240,47.39976042788476,21903.908176489746,inserts,32.29245580174029,32151.16268562169,inserts
psycopg3,regular,16,717,1038240,46.96770228538662,22105.403276732883,inserts,32.0823877081275,32361.681101964256,inserts
psycopg3,regular,16,719,1038240,37.540948785841465,27656.200324685753,inserts,29.08112822379917,35701.50346334685,inserts
psycopg3,regular,16,718,1038240,47.57896535471082,21821.407680047487,inserts,32.9922229652293,31469.234464564794,inserts
psycopg3,regular,16,720,1038240,42.608215938322246,24367.131482409633,inserts,30.922397781163454,33575.6627719358,inserts
psycopg3,regular,16,721,1038240,45.742243928369135,22697.61845583811,inserts,30.69129207683727,33828.48781343944,inserts
psycopg3,regular,16,722,1038240,47.11962593207136,22034.130778048802,inserts,29.593632007949054,35083.22330023978,inserts
psycopg3,regular,16,725,1038240,50.282809875905514,20648.010772713464,inserts,27.734531934838742,37434.92056903309,inserts
psycopg3,regular,16,726,1038240,49.69191045826301,20893.541633341578,inserts,28.944426118861884,35870.11867972127,inserts
psycopg3,regular,16,724,1038240,50.11726304097101,20716.215072463867,inserts,28.470885517075658,36466.72666283269,inserts
psycopg3,regular,16,723,1038240,51.86705152783543,20017.332187136355,inserts,26.13196870777756,39730.646076083525,inserts
psycopg3,regular,16,727,1038240,47.44139883527532,21884.68353568046,inserts,26.77857803320512,38771.28945056734,inserts
psycopg3,regular,16,732,1038240,43.60933427233249,23807.74706434125,inserts,24.256962501909584,42801.73166439395,inserts
psycopg3,regular,16,733,1038240,44.80691470904276,23171.42357919293,inserts,25.102774182800204,41359.57215084921,inserts
psycopg3,regular,16,731,1038240,47.36093752877787,21921.86333661861,inserts,29.337908945046365,35389.025235055284,inserts
psycopg3,regular,16,729,1038240,48.93580724392086,21216.36606145855,inserts,27.411409773863852,37876.19858172847,inserts
psycopg3,regular,16,730,1038240,48.31452211923897,21489.191126379166,inserts,25.87725158315152,40121.72609072558,inserts
psycopg3,regular,16,735,1038240,44.81515457807109,23167.163201262963,inserts,27.802014200016856,37344.05689208556,inserts
psycopg3,regular,16,728,1038240,49.552153868135065,20952.469649712828,inserts,29.56360100209713,35118.861194424564,inserts
psycopg3,regular,16,734,1038240,45.2798462100327,22929.406499838246,inserts,26.464570716023445,39231.318396991,inserts
psycopg3,regular,16,736,1038240,41.59541387530044,24960.444031463576,inserts,27.019818543922156,38425.128514918986,inserts
psycopg3,regular,16,737,1038240,39.423485098872334,26335.571231111117,inserts,22.47833726927638,46188.46970585662,inserts
psycopg3,regular,16,738,1038240,37.93941592797637,27365.734938328507,inserts,20.364945153240114,50981.72335783646,inserts
psycopg3,regular,16,740,1038240,31.63181219017133,32822.65314924331,inserts,20.38517501577735,50931.13005880213,inserts
psycopg3,regular,16,743,1038240,30.1657094839029,34417.88765333128,inserts,19.550503535196185,53105.537569960165,inserts
psycopg3,regular,16,741,1038240,32.77738814102486,31675.49517774167,inserts,22.57656761771068,45987.50428233963,inserts
psycopg3,regular,16,739,1038240,35.234895781148225,29466.242966879752,inserts,23.3131995042786,44534.427795269155,inserts
psycopg3,regular,16,742,1038240,33.493013048078865,30998.704073282912,inserts,21.72239570785314,47795.833109911204,inserts
